Titre,Date,Lieux,Prix
BD Festival Presents: Day Of The Dead 2023,Glendalough House,,"55,58 "
ADMISSION /  EINTRITT @ German Film & Comic Con Winter Edition 2023,Messe Dortmund GmbH / Eingang Nord,,"26,37 "
MALLOWEEN 2023 - THE HILAND HALLOWEEN SPOOKTACULAR+++!,"sam. 28 oct., 21:00",Safari's Niteclub (The Hiland),"20,52 "
BROCK  1st Years,"sam. 28 oct., 20:00",Blackrock National Hurling Club,"22,42 "
Red Bull Dance Your Style World Final 2023,"sam. 4 nov., 18:00",Festhalle Frankfurt,"10,00 "
Miveg 2023,samedi prochain à 10:00,Studio Novanta - East End Studios,"0,00 "
Mini MeXx Halloween Party 2023,vendredi prochain à 20:30,"Mini MeXx Nite Life @ Four Seasons Hotel & Leisure Club, Monaghan","17,02 "
"""HackInBo Classic Edition Winter 2023 - 21° Edizione","sam. 18 nov., 09:00",Zanhotel & Meeting Centergross,"0,00 "
BiznagaFest 2023,samedi prochain à 09:30,E.T.S. Ingeniería Informática. Universidad de Málaga,"9,66 "
N3 Teenage Disco Cavan,vendredi prochain à 21:00,The Lavey Inn,"21,49 "
Shade Presents: Haunted House at Tamango Nightclub | 1st Years,"mer. 1 nov., 20:00",Tamangos,"21,91 "
FutureTravel Summit 2023,vendredi prochain à 10:00,Estrella Damm,"180,00 "
Junior Xangos - 27th October,vendredi prochain à 20:00,Castle Arch Hotel,"15,18 "
Cork Jazz Festival Club at The Metropole Hotel Cork,The Metropole Hotel Cork,,"0,00 "
Ausverkauft: HILDESHEIMS GRÖSSTE HALLOWEEN-PARTY! |  29.10. Kufa Hildesheim,"dim. 29 oct., 21:00",Kulturfabrik Löseke e.V.,"9,40 "
#campilehalldisco,vendredi prochain à 21:00,Y34 DT10,"11,70 "
Product Management Day 2023,Nana Bianca,,"140,00 "
ALEX SERRA & TOTI DUB // LA CHICA en Barcelona,vendredi prochain à 21:00,Sala Paral·lel 62,"21,36 "
Red Bull League of its own,"sam. 9 déc., 14:00",Velodrom,"29,99 "
An Orchestral Rendition of Dr. Dre: 2001 - Amsterdam,"ven. 3 nov., 19:00",Panama,"33,17 "
Fomhair Festival presents FreakNight 2023,"sam. 28 oct., 16:00",Live At The Big Top Donegal,"47,35 "
Martin Hayes & The Common Ground Ensemble,aujourd’hui à 20:00,Live at St Luke's,"35,20 "
EXTREMODURO + PLATERO Y TU + MAREA + LA RAIZ (SESION ESPECIAL),"sam. 4 nov., 23:30",Independance Club,"0,00 "
7ème Ed. du Madras Day - Salon du Madras,samedi prochain à 10:00,Paris,"0,00 "
Billy Bragg,"lun. 20 nov., 19:00",Cyprus Avenue,"38,50 "
Bixiga 70,"dim. 29 oct., 20:00",Live at St Luke's,"24,64 "
Hypnotic Brass Ensemble presents Celestial Sounds,samedi prochain à 14:00,Live at St Luke's,"35,20 "
FIA :: The Trilogy Tour - Live in Amsterdam :: Extra Concert October 24th,mardi prochain à 20:00,Dominicuskerk,"21,80 "
Porto Tech Hub Conference 2023,vendredi prochain à 08:30,Alfandega Congress Center,"90,00 "
Killarney Pumpkin Farm 2023,"mar. 31 oct., 18:00 + 51 en plus",Killarney Pumpkin Farm,"16,20 "
BARCELONA TECH JOB FAIR AUTUMN 2023,mercredi prochain à 18:00,ILUNION Barcelona,"0,00 "
Halloween Disco,vendredi prochain à 20:30,Banada Abbey,"14,04 "
TeenKix Halloween Tour - Athlone,"dim. 29 oct., 20:00",Genesis Night Club (Tack Room Pub),"18,05 "
DreamHack Hannover 2023,"jeu. 14 déc., 10:00",Deutsche Messe AG,"15,00 "
GRAN FIESTA HALLOWEEN (GRAN CONCURSO DE DISFRACES),"sam. 28 oct., 23:30",Independance Club,"0,00 "
FM World Benelux Conference 2023,"sam. 4 nov., 13:00",Van der Valk Hotel Tilburg,"30,00 "
| Fright Night | Tuesday 31st October | Ryan Redmond & Jay cullen |,"mar. 31 oct., 22:30",Warehouse Dublin,"11,70 "
TU Dublin SU Big Costume Party,mardi prochain à 22:00,The Workman's Club,"11,57 "
Púca Spooka - Tullamore - Sat 28 Oct  2:00pm  Sensory Hour,samedi prochain à 14:00,Lloyd Town Park,"0,00 "
Halloween Open Air & Indoor Festival Munich 2023,"mar. 31 oct., 19:00",CCC Container Collective,"13,26 "
TUM-SOM Semester Opening Party WS23,mercredi prochain à 22:00,Sweet Club,"7,00 "
WWNA2023 - The Power of Isolation (onsite only || 27-29 Oct 2023 - Croatia),vendredi prochain à 10:00,Supetar,"0,00 "
Foróige's  Annual Volunteer Conference,"ven. 3 nov., 18:00",Mount Wolseley Hotel Spa & Golf Resort,"30,00 "
CO-CREATION | Berlin,"lun. 6 nov., 20:00",Kosmos,"20,00 "
POWER DAY,"sam. 4 nov., 11:00",Schloss Wolfpassing,"20,00 "
Halloween 2023 at Pyg & LPT with Krystal Klear & Ricky Chong,"dim. 29 oct., 19:00",Pygmalion,"11,27 "
HALLOWEEN TEEN DISCO,vendredi prochain à 20:00,Hayes Hotel,"22,42 "
RNB HALLOWEEN FRANKFURT FRIDAY OCTOBER 27TH,vendredi prochain à 22:00,Latin Palace Changó,"11,83 "
Faraj Suleiman in Paris,"sam. 11 nov., 19:00",Cabaret Sauvage,"37,43 "
Index x Slither x Research x Rathaus: Halloween Party,"mar. 31 oct., 22:00",INDEX,"11,00 "
Germany Day 2023,"sam. 25 nov., 10:00",Culture and Congress Center Jahrhunderthalle,
Día de Muertos at The Well,"jeu. 2 nov., 20:00",The Well,"11,70 "
"90s Silent Disco at Train World, Brussels!","sam. 18 nov., 18:30",Train World,"35,21 "
Jenny Greene,vendredi prochain à 23:00,Cyprus Avenue,"22,00 "
NU GENEA LIVE BAND  en Barcelona,"jeu. 16 nov., 21:00",Sala Apolo,"26,36 "
Y'a plus de saisons : Swann Périssé reçoit Fatima Ouassak,"jeu. 2 nov., 21:30",Théâtre de l'Européen,"19,00 "
FEIERABEND - Hamburgs Afterwork - HALLOWEEN SPECIAL,"lun. 30 oct., 18:00",HERITAGE Hamburg,"15,00 "
PROUD TO BE ME - KONGRESS & AWARD & NETWORKING,samedi prochain à 10:00,MINI Pavillon,"112,92 "
KaraUke die 27ste | Kantine (Halloween Edition),vendredi prochain à 19:00,Kantine,
BITUP ALICANTE - Ciberseguridad & Hacking ético,samedi prochain à 08:30,"C. Jorge Juan, 21","0,00 "
"90s Silent Disco in the Grote Kerk, Zwolle!","ven. 10 nov., 19:30",Grote Kerk,"34,99 "
Beauty Trends Summit 2023,jeudi prochain à 09:00,UPF Barcelona School of Management,"199,65 "
NANDO REIS,"dim. 5 nov., 19:00",The Button Factory,"43,87 "
Index: Route 94,"sam. 28 oct., 23:00",INDEX,"22,00 "
Kultur mit wem? Tischgespräche zu Kultur und Teilhabe,"jeu. 9 nov., 11:30",KAP1,"0,00 "
Riksja Reisevent 2023,"dim. 5 nov., 10:00",DeFabrique Evenementenlocatie,
VIII Ruta Cicloturista Vino del Condado,"dim. 5 nov., 10:00",Chucena,"5,00 "
"SAY IT LOUD meets PIÑATA LA DELIO VALDEZ (ARG), AMANTES DEL FUTURO (MEX)","sam. 25 nov., 20:00",Sala Paral·lel 62,"23,36 "
Index: Indira Paganotto,vendredi prochain à 23:00,INDEX,"20,01 "
"Nightmare on Main Street, Friday 27th to Monday 30th",vendredi prochain à 23:00,Naas Court Hotel,"11,70 "
KOLLEKTIV TURMSTRASSE & JONATHAN KASPAR / HALLOWEEN IM SCHROTTY,"mar. 31 oct., 23:00",Schrotty,"21,10 "
Mädelsflohmarkt Radolfzell Milchwerk 4. November,"sam. 4 nov., 15:00",Milchwerk Radolfzell | Tagung : Kultur : Messe,"24,62 "
Science & Cooking World Congress,"lun. 13 nov., 09:00",Universitat de Barcelona - Edifici Històric,"55,67 "
ADC Digital Conference,"lun. 6 nov., 09:00","K20, Kunstsammlung Nordrhein-Westfalen","0,00 "
Halloween with DJ Rowan,"mar. 31 oct., 21:00",Cyprus Avenue,"11,00 "
Old School R&B Brunch - Amsterdam (W Experience),"dim. 5 nov., 13:00",W Amsterdam,"27,84 "
INT. OCEAN FILM TOUR VOL9 - LANZAROTE,"sam. 4 nov., 19:00",Auditorio Los Jameos Del Agua Lanzarote Canarias,"9,00 "
"The Whistlin’ Donkeys - Headfort Arms, Kells",Headfort Arms Hotel,,"24,93 "
HALLOWEEN CHURCH,"dim. 29 oct., 23:00",The Well,"11,70 "
High Tech Pub Quiz Challenge,"mar. 7 nov., 18:30",Al Fresco,"30,00 "
The Diaries of Kathleen Lynn - Revealing History Through Personal Writing,"sam. 11 nov., 13:00",National Library of Ireland,"0,00 "
Red Bull SoundClash,"jeu. 9 nov., 19:00",Gashouder Westergas,"24,53 "
KLUB KIDS AMSTERDAM - presents SASHA COLBY (all ages),"mar. 14 nov., 19:30",Boom Chicago,"16,70 "
Una storia da riscrivere - Max Caranzano,"sam. 28 oct., 17:00",Palazzo Baronale - Comune di Torre del Greco,"20,00 "
The Purge,"dim. 29 oct., 22:00",Wrights Cafe Bar,"14,38 "
The Class Conference '23,"mer. 8 nov., 10:00",Barcelona Maritime Museum,"1 149,50 "
Dag van de Ervaringsdeskundige 2023,"mer. 1 nov., 09:30",Hogeschool Windesheim,"5,00 "
Startup WORK 2023,"sam. 11 nov., 11:00",WERK1,"0,00 "
The Tumbling Paddies live at Queens Nightclub Ennis,"ven. 24 nov., 22:30",Queens Hotel,"22,42 "
Chasing Abbey,"sam. 28 oct., 22:00",Time Square  Night Club,"17,07 "
Magic Mike Brunch at NoLIta,"dim. 29 oct., 13:00",NoLIta Dublin,"46,02 "
"L1NKN P4RK (The Linkin Park Experience) @ OPIUM, DUBLIN 08.11.23","mer. 8 nov., 19:00",Opium,"14,00 "
OKR Forum 2023,"mar. 7 nov., 16:00",The Social Hub,"0,00 "
GodotCon,"sam. 4 nov., 10:00","Microsoft Deutschland GmbH, Walter-Gropius-Straße 5, 80807 München, Germany","60,00 "
NCI Graduation 2023,The Convention Centre Dublin (The CCD),,"60,00 "
Core Disco,vendredi prochain à 20:00,St Marys College RFC,"17,07 "
Fist of Pure Emotion,"sam. 4 nov., 19:00",Cyprus Avenue,"20,36 "
69 Danguje - koncertas MONAGHANE,"ven. 3 nov., 21:00","Hillgrove Hotel, Leisure & Spa","43,87 "
Football Weekly Live tour: Dublin,"lun. 20 nov., 19:30",Liberty Hall Theatre,"24,73 "
Hypnotic Brass Ensemble,"dim. 29 oct., 19:00",Cyprus Avenue,"27,50 "
The Taylor & Harry Night // Festsaal Kreuzberg Berlin,"ven. 10 nov., 23:45",Festsaal Kreuzberg,"12,79 "
Hardwear.io – Hardware Security Conference and Training – NL 2023,"lun. 30 oct., 09:00",The Hague Marriott Hotel,"182,99 "
Waliversum 2023 – Episode 2,samedi prochain à 12:00,Factory Hammerbrooklyn,"129,00 "
Cloud Day 2023,"lun. 13 nov., 09:30",Talent Garden Calabiana,"0,00 "
"Dalia Lazar, Pianoforte","sam. 28 oct., 19:00",Museo del tulle,"5,00 "
V Barcelona Perfumery Congress,"mer. 22 nov., 09:00",Barcelona,"150,00 "
Púca Spooka - Tullamore - Sat 28 Oct - 3:00pm Timeslot,samedi prochain à 15:00,Lloyd Town Park,"0,00 "
Mädelsflohmarkt Ulm 11. & 12.11.23,"sam. 11 nov., 11:00",Ulm-Messe,"24,62 "
Baile das Bruxas - Halloween | Claridge Events | Brussels,"sam. 28 oct., 21:00",Claridge Events | Salle événements,"17,24 "
End to End Svalbard Movie Premiere,"lun. 6 nov., 20:00",Filmtheater Sendlinger Tor,"9,17 "
Introduzione a Bitcoin,samedi prochain à 15:00,Nana Bianca,"15,00 "
#51 Silicon Drinkabout Rome - 27 Ottobre,vendredi prochain à 19:00,The Hub - LVenture Group,"0,00 "
TYPO3 Camp RheinRuhr 2023,"ven. 3 nov., 18:00",Hochschule Rhein-Waal,"52,69 "
MALDITOUR en Mérida,"sam. 28 oct., 17:00","Pl. Santo Domingo, 1","39,04 "
Meet Cosmico - Roma,mardi prochain à 18:45,The Hub - LVenture Group,"15,00 "
South Dublin Speed Dating (Ages 40s/50s) 2 MALE TICKETS LEFT!,"ven. 3 nov., 19:30",The Hill Pub,"33,15 "
A.I. Day 2023,"ven. 24 nov., 09:00",Sede Microsoft Roma,"0,00 "
Baby Market Limerick,"dim. 5 nov., 12:00",Castle Oaks House Hotel,"6,34 "
Apeldoorn Business Awards 2023,jeudi prochain à 19:30,Theater & Congres Orpheus,"28,00 "
"MAGIC HALLOWEEN HIGH SCHOOL - 2000er, 90er, 10er Grusical Party","sam. 28 oct., 22:00",MTW Club,"14,95 "
IRINA RIMES & SURORILE OSOIANU | DUBLIN | 27.10.2023,vendredi prochain à 19:30,Church of Scientology & Community Centre of Dublin,"31,95 "
O'Reilly's | Halloween Night Fancy Dress Ball | Tues 31st October,"mar. 31 oct., 22:30",O'Reilly's Bar,"6,34 "
The Confidence Conversation - Dublin City Centre,"dim. 5 nov., 11:00",The Dean Hotel,"82,50 "
Workshop dal Respiro alla Meditazione | Daniel Lum,"dim. 19 nov., 10:00",Palazzetto dello Sport PalaSanMarco,"28,00 "
Discharge at The Grand Social Dublin 12/11/23,"dim. 12 nov., 19:00",The Grand Social Dublin,"21,80 "
Chill2Chill Halloween indoor festival 2023,"mar. 31 oct., 20:00",Palais des Congrès de Liège,"38,25 "
Techno Cage Rave: HOTBOXX - Ukraine Triple Headliner MARGOO HERRMESS PØLKA,"sam. 4 nov., 22:30",The Sound House,"11,70 "
Index:  Kölsch,"sam. 18 nov., 23:00",INDEX,"19,80 "
Halloween Party - The Abandoned Factory Pt. 2,"sam. 28 oct., 22:00",Greifswalder Straße,"0,00 "
V Encuentro Nacional de Talento Joven en Hostelería y Turismo,"jeu. 30 nov., 09:00",Hotel Chamartín The One,"0,00 "
Mini Pulse 23,"sam. 28 oct., 18:00",St Marks Church,"11,70 "
The GOVVI Experience:  A Gift of Growth and Renewal,"sam. 4 nov., 09:00",Van der Valk Hotel Schiphol,"106,49 "
Nationaal Foodservice Congres,"mar. 21 nov., 08:30",Flanders Expo,"0,00 "
SOLD OUT | Undeva la Mijloc cu Teo Vio și Costel | Munchen | 04.11,"sam. 4 nov., 20:00",Filmtheater Sendlinger Tor,"31,95 "
JUNG & SEXY (WARTELISTE),"sam. 11 nov., 19:00",Schloss Milkersdorf,"88,32 "
Forever Young Gala,"sam. 4 nov., 20:00","Hotel de Klepperman, Hoevelaken","30,00 "
Kayblack ¨ &  Mc Maneirinho em Lisboa,"ven. 1 déc., 20:30",LAV - Lisboa Ao Vivo,"22,57 "
The Taylor & Harry Night // Zoom Frankfurt,"sam. 25 nov., 23:00",ZOOM Frankfurt,"12,79 "
The Ministry of Unladylike Activity,"dim. 12 nov., 10:00","The Printworks, Dublin Castle","0,00 "
AIESEC 75 - European Celebration: Unleashing 75 Years of Vivid Leadership,"sam. 28 oct., 16:00",Wereldmuseum,"49,00 "
"Britney vs Beyoncé: The Pav, Cork City","ven. 3 nov., 19:30",The Pav,"13,85 "
Halloween Costume Party,"sam. 28 oct., 23:00",The Grand Social,"0,00 "
TEDxLakeComo 2023: ILLIMITE,"sam. 11 nov., 10:45",Centro Congressi di Villa Erba,"27,37 "
"25 Jahre Biotech, der Finance Day zum Jubiläum",mardi prochain à 13:30,Innovations- und Gründerzentrum Biotechnologie (IZB),"150,00 "
Vlerick Alumni Digital Transformation Club-Revamping Revenue Strategy,mardi prochain à 18:00,Vlerick Business School,"95,00 "
AI of liever Echt,samedi prochain à 12:30,Fotoacademie in Amsterdam,"15,00 "
KaraUke die 26ste | Kantine (Halloween Edition),jeudi prochain à 19:00,Kantine,
OKTOBERFEST 2023 @ VELD 7,"sam. 28 oct., 19:30",V.V. d' Olde Veste,"14,95 "
The Mary Wallopers,"sam. 23 déc., 19:30",Cork City Hall,"30,44 "
Roberta Metsola à la Sorbonne : un discours fondateur,"lun. 30 oct., 19:00",17 Rue de la Sorbonne,
Undeva la Mijloc cu Teo Vio și Costel | Frankfurt | 03.11,"ven. 3 nov., 20:00",Jahrhunderthalle Club,"26,63 "
20 JAHRE SCHLOSS MILKERSDORF - GALA DELUXE (WARTELISTE),"sam. 28 oct., 19:00",Schloss Milkersdorf,"94,09 "
LinkedIn Local Nürnberg #4 - Oktober 2023,mercredi prochain à 18:00,LEONARDO – Zentrum für Kreativität und Innovation,"30,60 "
Literary Magazine Launch: HOWL New Irish Writing,"sam. 11 nov., 16:45","The Printworks, Dublin Castle","0,00 "
HERR RAUE REIST –  VON PARIS  NACH TOKIO,"sam. 4 nov., 18:30",Brasserie Colette Tim Raue,"192,00 "
Football Weekly Live tour: Dublin (evening 2),"mar. 21 nov., 19:30",Liberty Hall Theatre,"24,73 "
INAUGURACION TARDEO INDIE,"sam. 28 oct., 18:00",Independance Club,"0,00 "
South Dublin Speed Dating (Ages 27 - 43),"ven. 10 nov., 19:30",The Hill Pub,"33,15 "
Workshop: Cómo implementar IA en procesos editoriales,"mer. 8 nov., 09:30",Aticco Verdaguer - Coworking en Gràcia,"35,00 "
Pharmacircuit - CPhI Networking Dinner (Rooftop Las Arenas),mardi prochain à 19:00,Grupo Abrassame,"59,00 "
Babykonzert - klassische Musik für Eltern mit Babys - Halloween Special,"dim. 29 oct., 11:00",Zitadelle Spandau,"24,62 "
Encuentro Tecnológico Burgos Industria 4.0 2023,mardi prochain à 10:00,Fórum Evolución Burgos - Palacio de Congresos y Auditorio,
JPN Europe 2023,The Lighthouse Meeting Centre (Igreja Verbo da Vida Leiria),,"12,00 "
Elisava Masters' Talks - Alice Rawsthorn,mercredi prochain à 19:30,Museu del Disseny,
NEW SHOW - KLUB KIDS MILAN - presents SASHA COLBY,"jeu. 9 nov., 19:30",Lime Club Milano,"16,70 "
Soft Boy Records Presents: Kojaque’s Spooktacular Halloween Release Party,"dim. 29 oct., 21:00",The Sugar Club,"16,96 "
Preconference Workshops J-Fall 2023 (expert level masterclasses),"mer. 8 nov., 13:00",Van der Valk,"156,09 "
DACH Sales Networking: Berlin,"jeu. 2 nov., 18:30",BAU - BAR AM UFER,"10,00 "
"PDIP 2023, Aerial Arts Competition","sam. 18 nov., 17:00",The Sugar Club,"26,50 "
SHOW 2 | Pamp pamp dă geim! Mihai Bobonete | Dublin | 23.11,"jeu. 23 nov., 21:30",Liberty Hall Theatre,"37,28 "
Halloweenstad Trick or Treat vrijdag 27 oktober 2023,vendredi prochain à 16:30,Stadshart,
Motta Maadi Music-Nalandhana Netherlands[Sing alon,samedi prochain à 15:00,Boom Chicago,"21,78 "
KLUB KIDS BERLIN - presents SASHA COLBY (ages 18+),"lun. 13 nov., 19:30",Festsaal Kreuzberg,"16,70 "
Halloween Party,jeudi prochain à 19:00,Club Arus na nGael,"7,40 "
Declan O'Rourke - Additional Date,"jeu. 16 nov., 20:00",Live at St Luke's,"35,20 "
An Púcán Silent Disco,"lun. 30 oct., 22:00",An Púcán,"11,70 "
ChemAI: Entering the fifth paradigm for chemistry,"jeu. 16 nov., 12:30",Lab42,"0,00 "
Under 13 Halloween Disco 2023,vendredi prochain à 20:00,Arklow Rock Parnells GAA Club,"11,70 "
Speed Business Meeting Calad' Impulsion 24 octobre 2023,mardi prochain à 08:30,Pépinière d’entreprise CRÉACITÉ,
NRWM - Hallenfußballturnier 2023,samedi prochain à 09:30,Wattenscheid,"5,00 "
Movember 2023 Launch: Whisker Whispers,jeudi prochain à 19:00,The Well,"0,00 "
VOZ DE SIÃO LISBOA 2023,vendredi prochain à 20:00,R. do Centro Cultural 11,"53,54 "
A Day Out Of The Ordinary 4.0,"sam. 18 nov., 18:00",Springfield Hotel,"68,80 "
No Limit - Halloween Hip Hop Party,"mar. 31 oct., 21:00",Franz-Pichler-Straße 2,"10,00 "
GLA:D Ireland Course for Physiotherapists,samedi prochain à 09:00,University of Limerick Health Sciences Building,"344,19 "
Derek Ryan - Tullamore Court Hotel,"ven. 3 nov., 19:00",Tullamore Court Hotel,"33,15 "
Book Launch: Reading Rites by Evelyn Conlon,"sam. 11 nov., 18:30",The Gutter Bookshop,"0,00 "
Index:  Sasha & John Digweed,"sam. 25 nov., 22:00",INDEX,"27,50 "
History of Ireland in Maps,"dim. 12 nov., 11:00","The Printworks, Dublin Castle","0,00 "
Dublin Review Conversations: The Edit Suite,"ven. 10 nov., 18:00",Glass Mask Theatre,"11,70 "
The Tumbling Paddies live at The Landmark Carrickonshannon,"sam. 4 nov., 22:00",The Landmark Hotel - Carrick on Shannon,"25,11 "
DDIM.kongress // 2023,"ven. 17 nov., 17:00",Van der Valk Airporthotel,
Soirée Taylor Swift + Olivia Rodrigo (Spéciale 1989 TV) - Paris,vendredi prochain à 20:00,Paris,"15,05 "
KI & Kreativwirtschaft Ausgabe #1: KI & Strategie,mercredi prochain à 19:00,SPACE Hamburg,"16,43 "
HackInBo® Business Edition - WINTER 2023,"ven. 17 nov., 08:15",Zanhotel & Meeting Centergross,
"HAUNTED DANCEHALL -  Naive Ted, Rory Sweeney (live), Mercorn","sam. 4 nov., 23:00",The Sugar Club,"11,70 "
Hailu Mergia & Moondiver,jeudi prochain à 20:00,Live at St Luke's,"24,64 "
Family Science Show,"dim. 12 nov., 13:00","The Printworks, Dublin Castle","0,00 "
Founders Mesh | Founders Networking Event | Startups & Scale-Ups,jeudi prochain à 18:30,Venu,"5,70 "
1st Year Halloween Disco,"sam. 28 oct., 20:00",Castlebar Celtic Soccer Club,"8,00 "
INDIBA Comedy Night,vendredi prochain à 19:30,Espacio Jorge Juan,"30,00 "
Bat Rehabilitation - Wildlife talk,vendredi prochain à 18:30,P51 N406,
NEW SHOW - KLUB KIDS PARIS - presents SASHA COLBY,"sam. 11 nov., 19:30",Les Étoiles,"16,70 "
Universitätsball 2023,"sam. 4 nov., 20:00",Historische Stadthalle Wuppertal GmbH,"31,59 "
Rencontres Nationales de l'Ecologie Industrielle et Territoriale 2023,"mer. 22 nov., 10:00",ISEL (Institut Supérieur d’Etudes Logistiques),"0,00 "
HOCH-ZEIT …WIR TRAUEN UNS,"lun. 6 nov., 19:00",Hotel Orania,"149,00 "
LUNA BY LISA MASTERCLASS,"jeu. 16 nov., 18:30",Dunnes Stores,"10,00 "
doTERRA together - NL -  Dag,samedi prochain à 10:00,Jaarbeursplein,"26,10 "
Owning the Frame - Confident Communication as Product Manager,mercredi prochain à 19:00,Equals Amsterdam,"10,00 "
Fe+male Tech Heroes Awards Show 2023,"jeu. 9 nov., 19:00",Conference Center High Tech Campus,"15,00 "
Culture in a Time of War,"jeu. 9 nov., 18:30",The Royal Irish Academy,"0,00 "
CASSANDRA,jeudi prochain à 21:00,"V.le dei Mille, 39","6,00 "
"Euro, mercati, democrazia 2023 – Non è come sembra","sam. 25 nov., 14:00",Grand Hotel Adriatico,"25,00 "
The New Halloween - By Vertigo - Officina Milano,"mar. 31 oct., 21:00",Officina Milano,"22,51 "
"Taller ""Cómo modular la voz para una comunicación eficaz""",demain à 19:00,"Escuela de Arte Dramático, Poética & Oratoria. Act Teatro Bilbao","25,00 "
Afonso Padilha - E Agora? SESSAO EXTRA,"dim. 26 nov., 19:00",The Liberty Hall Theatre,"33,15 "
ALIBETOPIAS 2023,jeudi prochain à 10:30,"C. de Alcalá, 182",
SNAH Research Workshop: Applying Research Skills - 26-27 Oct,jeudi prochain à 09:30,Trinity Centre for Health Sciences,"54,60 "
Der Mensch als Maschine? | Univ.-Prof. Dr. Dr. Christian Schubert live,"jeu. 9 nov., 18:30",Heron Innovations Factory GmbH,"28,00 "
Wines from Down Under,vendredi prochain à 18:30,The Fumbally,"33,15 "
Dutch Photographers Day #2,"lun. 6 nov., 10:00",Pakhuis de Zwijger,"11,20 "
"Closing Night Cocktail, Film and Awards Gala",mardi prochain à 18:00,"Palau de Congressos, Palma de Mallorca, Carrer de Felicià Fuster, Palma, Spain","15,00 "
BPW Düsseldorf FrauMachtDigital 2023,demain à 19:00,TechHub.K67 gGmbH,"0,00 "
Elternvortrag: Wir verlieren unsere Kinder Was Kinder im Netz sehen und tun,"mar. 14 nov., 19:30",inatura Dornbirn,"10,00 "
"Over The Top Wrestling Presents ""Ninth Year Anniversary"" DUBLIN","sam. 28 oct., 16:00",The National Stadium,"27,55 "
ATHLONE OCTOBER 28TH SINGLES CRUISE & MINGLE,samedi prochain à 14:30,Sheraton Hotel Athlone,"89,00 "
THE POKAL by PROJECT V - Offline Finals,"sam. 4 nov., 12:00",XPERION Köln,"5,00 "
Startup Startcamp Bremen,"ven. 3 nov., 17:00",Digital Industry Hub Bremen,"5,00 "
Vermú Literario,"dim. 29 oct., 12:30",Only YOU Boutique Hotel,"25,00 "
Ghost Town - Wam Baster,"sam. 28 oct., 21:00",Kudos Nightclub,"27,79 "
ride2career,jeudi prochain à 14:00,Antonstraße 25,"5,00 "
TEDxFormigine - THE LINE: A matter of Perspective,"sam. 18 nov., 15:00",Auditorium Spira Mirabilis,"24,00 "
Anne Enright and Claire Kilroy,"dim. 12 nov., 14:45","The Printworks, Dublin Castle","9,55 "
NA ZDRAVÍ!  - GENUSSVOLLER BLICK NACH TSCHECHIEN,"ven. 3 nov., 19:00",Arminiusmarkthalle,"119,00 "
Moonstock festival,"dim. 29 oct., 10:00",Dún Na Sí Amenity & Heritage Park,"63,00 "
OPEN WINE in The Hangar : l'aperitivo Cantato,jeudi prochain à 20:00,55 Milano,
IGHNx: Humanity and Health,mardi prochain à 08:00,Richmond Barracks,"35,00 "
Kellerkinder BARCAMP23,"jeu. 23 nov., 10:00",1000 Satellites Glückstein-Quartier,
Tumbling Paddies at The Abbey Hotel Donegal,"dim. 29 oct., 22:00",The Abbey Hotel,"21,59 "
Tudublin sports club social event,"mar. 7 nov., 22:30",Bow Lane Social Club,"0,00 "
Toi's Drag Bingo - The 70's edition,"mar. 7 nov., 20:00",ToiToiToi,"15,00 "
Benefizkonzert des Deutschen Neuro-Orchesters für die Deutsche Hirnstiftung,"jeu. 9 nov., 19:30",Ev. Gustav-Adolf-Kirchengemeinde,"20,00 "
Neon-Leuchtbild | 19  - 20.30 h | Für Erwachsene und Jugendliche ab 16 J,"jeu. 9 nov., 19:00",MIXT Kinderkunsthaus gGmbH,"49,91 "
ROYAL DANCE feat. GIULIA SIEGEL,"sam. 18 nov., 19:00",Schloss Milkersdorf,"88,32 "
Halloween at Barrow Brew,Barrow Brew,,"20,00 "
Climate Action: Joining the Fight,"dim. 12 nov., 14:00","The Printworks, Dublin Castle","0,00 "
Sensory Wonders,"dim. 5 nov., 14:00",Hugh Lane Gallery,"5,00 "
Erhan Demirci Stand-up Comedy,"ven. 15 déc., 19:00",The Max Venues,"16,92 "
De la clôture physique à la clôture numérique,mardi prochain à 09:00,Institut Catholique de Paris,"0,00 "
HR Café - 24 oktober 2023 - BERCHEM,mardi prochain à 19:00,Syntra AB campus Antwerpen,"20,00 "
The Stunning,"ven. 24 nov., 19:00",Cyprus Avenue,"35,76 "
Dublin Volunteer Managers Conference 2023,"mar. 7 nov., 11:00",Salesforce Tower Dublin,"10,00 "
Rens Kievits - Met Moeite,"sam. 4 nov., 20:30",Theater Kikker,"17,50 "
Spotlight on non-horizontal mergers: an enforcer’s perspective,mercredi prochain à 12:15,European Commission DG for Competition,"29,50 "
"SHABBAT SHALOM-MIT SHANI LEIDERMAN, BARBARA TZLIL, CYNTHIA BARCOMI","ven. 3 nov., 19:00",Beba,"149,00 "
Women4Cyber Conference - Hacking Gender Barriers,"mar. 14 nov., 09:30",Palacio Neptuno,"20,00 "
SCHLOSSNACHT DELUXE,"sam. 4 nov., 19:00",Schloss Milkersdorf,"93,44 "
The Taylor & Harry Night // Live Music Hall Köln,"ven. 1 déc., 23:00",Live Music Hall,"12,79 "
GIRLS Halloween Special 31.10.23 Köln,"mar. 31 oct., 23:00",die kunstbar,"12,79 "
Malvin Moskalez & Steven De bruyn - Club Concert - Missy Sippy,demain à 20:30,Missy Sippy Blues & Roots Club,"10,11 "
Wilde Herzen • Die Indie Pop Party mit deutschen Texten • Freiburg,"ven. 3 nov., 23:00",Jazzhaus Freiburg,"10,65 "
Vortrag: Digitalisierung und Social Media in der Schule,"lun. 13 nov., 19:30",inatura Dornbirn,"10,00 "
The Taylor & Harry Night // Faust Hannover,"ven. 8 déc., 23:00",Kulturzentrum Faust,"13,86 "
La Fiaba in Musica - I Musicanti di Brema,"sam. 28 oct., 17:30","Teatro ""Gigi Cona""","0,00 "
A Foxford Christmas Morning,"ven. 24 nov., 09:30",FOXFORD,"12,30 "
Hothouse Flowers,"dim. 10 déc., 20:00",Live at St Luke's,"32,56 "
Mädelsflohmarkt Friedrichshafen 18. November,"sam. 18 nov., 11:00","Alte Turn- und Festhalle, Scheffelstraße 16, Friedrichshafen","36,34 "
Winter Kick-off Community Run,"lun. 30 oct., 18:00",Sporthaus Schuster,"8,40 "
The Lamplighters of the Phoenix Park,"sam. 11 nov., 14:00",Farmleigh House & Estate,"9,55 "
VISITAS MUSEOS Y MUJERES. MUJERES ROMANAS:DERECHOS Y OBLIGACIONES,"dim. 19 nov., 12:00",Museo del Foro de Caesaraugusta,"2,00 "
"Città da Immaginare - Future4Cities, Day 2",jeudi prochain à 15:30,BASE Milano,
Getting it Right – Understanding and Healing from Intergenerational Trauma,"ven. 3 nov., 10:00",Knockranny House Hotel,"10,00 "
NCI Graduation Ball 2023,"ven. 17 nov., 18:00",Clontarf Castle Hotel,"60,00 "
Shade Underage Presents: BOO! with Ev Wilde at Tamango Nightclub | 2nd Yrs,"jeu. 2 nov., 20:00",Tamangos,"21,91 "
Harryween Disco Brunch at HYDE Bar,"dim. 29 oct., 13:00",Hyde Bar Galway,"38,52 "
Sunday Hike 1- Hiking Boots Mandatory,aujourd’hui à 09:45,Bus Stop beside Montrose Spar,"10,00 "
"Futuro de la medición: Datos, decisiones y desafíos de la era digital","mar. 31 oct., 10:00",Oficinas VIKO,"150,00 "
HALLOWEEN La Bal des Vampires,"sam. 28 oct., 22:30",MAD Club,
Top 40 Concert voor Uganda,"ven. 10 nov., 20:00",De Burg - Hervormde kerk Aalburg,"0,00 "
Berlin Tea Festival 2023 - Hauptevent am 18.11.2023,"sam. 18 nov., 10:00",Heilig Kreuz-Kirche,"11,50 "
Schmetterlinge im Bauch – Techno Classics *Halloween  Edition*,"sam. 28 oct., 22:00",Schokofabrik | Jugendkultur- und Sportzentrum,"6,51 "
Rencontres Business Interclubs,"mer. 15 nov., 08:00",CCI  GRAND LILLE,"20,00 "
PyCon 2023,"sam. 11 nov., 08:30","Radisson Blu Royal Hotel, Dublin","16,00 "
Halloween takeover,"lun. 30 oct., 21:00",Liffey Valley Complex,"6,34 "
Halloween Party 2023,"mar. 31 oct., 19:30",Freiwillige Feuerwehr Tiefenbronn Abt. Mühlhausen,"6,00 "
Pumpkin Picking at the Tinahely Farm Shop,"dim. 29 oct., 10:30",Tinahely Farm Shop,"18,50 "
STAHLKRAFT,"sam. 4 nov., 19:00",Hotel de Rome,"149,00 "
Concerto al Teatro Splendor: DUO KRYLOV-DOVGAN,"dim. 29 oct., 18:00",Teatro Splendor,
Kurt Elling,jeudi prochain à 19:30,The Sugar Club,"49,13 "
Product Discovery Masterclass,"mar. 7 nov., 09:00",STARTPLATZ,"712,81 "
The Racket Space presents Sammy Virji,"sam. 16 déc., 23:00",The Racket Space,"11,12 "
Halloween Mid-Term Knights Workshop,"mar. 31 oct., 10:00",St. Canice's Cathedral and Round Tower,"9,55 "
Canzoniere Grecanico Salentino,jeudi prochain à 21:00,Spazio Teatro No'hma Teresa Pomodoro,
Pocket Forests Workshop,"ven. 10 nov., 11:30",The Digital Hub,"0,00 "
trade/off  Summit 2023 – Business Growth in the Era of AI,"mer. 8 nov., 09:00",Festsaal Kreuzberg,"177,31 "
Jeannette - swing / rokenrol,"sam. 4 nov., 20:00",Prulček - live music venue,"0,00 "
Batmobile & Scum Rats Live,vendredi prochain à 20:00,LiBella/Bergwerk,"31,01 "
Concept NULL x Beta Fest: Meet Up_02,"dim. 5 nov., 14:00",The Digital Hub,
WICCON2023,"mar. 31 oct., 10:00",Lichtfabriek,"31,60 "
Italian Fusion Festival | Pizza & Prosecco Night,aujourd’hui à 18:00,The Well,"11,70 "
NOVEMBER CLARE SINGLE & READY TO MINGLE WALK,"dim. 19 nov., 11:00",Killaloe,"22,07 "
Cloone Haunted Trail,"dim. 29 oct., 18:00",Cloone,"9,55 "
Coaching Teenage Girls in Sport Workshop - Moate,"sam. 4 nov., 10:00",Carmelite Pastoral Centre,"10,00 "
Nocturne: de gedeporteerde politiemannen van Deurne,"ven. 3 nov., 19:30",Fort van Breendonk,"11,00 "
Copy of Glenamaddy Community School Musical,"sam. 28 oct., 20:00",F45 DY98,"15,00 "
Movie Night: Get Out,"dim. 29 oct., 19:00",Rascals Brewery & Pizza Restaurant,"6,19 "
Safeguard 1 Basic Awareness Workshop,jeudi prochain à 18:00,Poppintree Community Sport Centre,"15,00 "
ABI CREW - HALLOWEEN,"mar. 31 oct., 19:00",Revolution Nachtpalast,"5,44 "
Irish Gaming Market (Christmas),"dim. 5 nov., 11:00",Kilcullen Community Centre,"6,34 "
Concert in de Hoogmis: Jim White (US),mercredi prochain à 20:00,Hoogmis,"10,96 "
FROGBYTE LAN PARTY 2023,"ven. 17 nov., 14:00",Pordenone Fiere,"45,00 "
''BONKERS BINGO HALLOWEEN SPOOKTACULAR'  Wednesday 25th October Pulse Venue,mercredi prochain à 19:30,PULSE VENUE,"17,07 "
BEYOND Ecstatic Dance,"sam. 28 oct., 18:30",CAGE MMA COLOGNE NIEHL,"25,00 "
TEDxBiella 2023 - We Feel Good,"sam. 11 nov., 15:30",Auditorium Città Studi,
"Runaway Club Presents: HALLOWEEN W/ HIGH FIDELITY (The Loft, Galway)","mar. 31 oct., 22:00",The Loft Venue,"6,34 "
Juice Plus+ LIVE! Southern Europe Regional Convention,"sam. 11 nov., 10:30",Superstudio Events,"29,00 "
Oldschool Club | 25+ | Glitzerkeller Hannover | 11.11.2023,"sam. 11 nov., 22:00",Glitzerkeller,"15,50 "
Workshop Vrij borduren (bij Merkwaardig: expositie,mercredi prochain à 14:00,"Nieuwe Veste bibliotheek centrum, Makersbase","6,00 "
CaDansa Balfolkfestival 2023,jeudi prochain à 18:00,Rabo Theater De Meenthe,
How to DJ: Auflegen lernen für Einsteiger*innen – TINCON Academy,mercredi prochain à 16:00,TINCON Studios,"0,00 "
SÍNÓ,jeudi prochain à 21:00,Victoria House,"10,00 "
KOMACASPER – LIVE,"sam. 28 oct., 22:00",Diskothek Come In,"8,50 "
Journey to the Heart,"ven. 10 nov., 19:00",Dominicanenklooster,"132,25 "
Social Democracy in the 21st century,"sam. 4 nov., 14:00",Teachers Club,"0,00 "
#11mtabconvention,samedi prochain à 14:00,Burg Spielberg,"38,50 "
Sample Sale Your Wishes 22 November,"mer. 22 nov., 09:00",Your Wishes HQ,"5,00 "
Ü-30 Party Elm,"sam. 4 nov., 20:00",Turn- und Festhalle Elm,"12,79 "
ALFA MIST // TAKUYA KURODA en Barcelona,"mer. 8 nov., 20:30",Sala Paral·lel 62,"26,36 "
TEDxTreviso 2023 - Eredità,aujourd’hui à 14:00,Teatro Comunale Mario Del Monaco,"0,00 "
1. Stuttgarter Landweintreff,aujourd’hui à 13:00,La Casa del Consumo,"17,17 "
ZURÜCK IN DIE ZUKUNFT,"sam. 4 nov., 18:00",Futurium,"179,00 "
"Und was, wenn es gut wird? Lebe das Leben, das du dir wünschst!","sam. 11 nov., 15:30",Mozartsäle Hamburg,"17,17 "
Greenshine,"ven. 3 nov., 21:00",The Seantí,"22,42 "
UNITY 2023 Conference,"lun. 6 nov., 09:30",Bonnington Dublin,"17,07 "
November // Open Space  // Networking  // Hamburg,"lun. 6 nov., 18:00",Bene,"10,00 "
MOULIN ROUGE &  MOULES FRITES,"sam. 4 nov., 18:30",Schmidt Z&KO,"159,00 "
Dark Synthesis WA.RAVE | Hardtechno VVK Phase 3,"ven. 3 nov., 22:30",Hagenweg 2E,"17,05 "
QUEEN OF THE LAND FESTIVAL WITH THE WHISTLIN DONKENY SATURDAY NIGHT,"sam. 11 nov., 19:00",County Arms Hotel,"22,42 "
Chasing Abbey Live at CASK,CASK Limerick,,"24,94 "
Advanced ELENA Course 2023,"ven. 10 nov., 09:30",H10 Marina Barcelona,"390,00 "
LEADERS IN TECH CONFERENCE 4ª edición,vendredi prochain à 09:00,Auditorio Torre Iberdrola,
Last Call - The Rise Of Adrena,"sam. 28 oct., 22:00",Bd Anspach 181,"10,00 "
Gin Tasteival Trier,"sam. 25 nov., 17:00",Thermen Am Viehmarkt,"49,00 "
InterACT #earlyurbantalk by GIRA: Das neue Quartier Zooterrassen,mardi prochain à 08:30,Schüco Showroom Düsseldorf,"29,00 "
Musica Diffusa 2023 / Q2 Nelson Mandela Forum / TI RACCONTO DON GIOVANNI,"mer. 29 nov., 21:00",Nelson Mandela Forum,
KNEIPE DELUXE,"ven. 3 nov., 19:00",Restaurant Macionga,"118,00 "
VIVI LA CORTE! Visita in abiti d'epoca,"sam. 11 nov., 14:00","Via Marconi, 20","18,93 "
Prose and Pose Poetry Yoga: Lessons of Inflicted Self Contentment.,"sam. 11 nov., 10:00","The Printworks, Dublin Castle","9,55 "
MAYRA ANDRADE en Barcelona,"lun. 20 nov., 21:00",Sala Paral.lel 62,"26,36 "
Scheck's Afterwork Party #1,vendredi prochain à 18:00,Scheck-In Center Mainz,"22,50 "
Level Best Bluegrass Band Concert,mardi prochain à 20:00,Gleesons Bar,"20,00 "
Queen of the Land FESTIVAL 2023 WEEKEND TICKET,"ven. 10 nov., 19:00",County Arms Hotel,"70,69 "
Neon Painting: Halloween,mercredi prochain à 19:00,1 Baggot Street Upper,"29,93 "
Model UN COPUOS 2023  -  SGAC x ECSL,mercredi prochain à 09:00,ESA HQ Mario Nikis,"48,22 "
NVFG Medical Affairs Najaarsbijeenkomst,"mar. 31 oct., 15:00",Green Village,"0,00 "
Wiener Kinderball,"sam. 18 nov., 13:00","Palais Niederösterreich, Event-Residenzen Niederösterreich","38,50 "
"Mi, 22.11. | 10 –16 Uhr I Workshop: Adventskalender | Für 6- bis 10-Jährige","mer. 22 nov., 10:00",MIXT Kinderkunsthaus gGmbH,"64,74 "
MAXISCHERMO PSG - MILAN | Champions League | +393382724181,mercredi prochain à 20:00,Sequoia Milano,
JUICY BIRTHDAY (1. Anniversary),"sam. 4 nov., 22:30",Ibiza Club,"10,00 "
Swan Leisure Halloween Camp 2023,Swan Leisure,,"100,00 "
Christmas sing-a-long with Una Healy & Luke Thomas,"sam. 9 déc., 19:30",The Sugar Club,"37,22 "
TRIBUTO ROCK -  HALLOWEEN,aujourd’hui à 20:00,The Sound House,"11,70 "
Karl Spain At The Hill Comedy Club,"sam. 4 nov., 20:00",The Hill Inn,"18,13 "
Marcus Cirillo - Dublin,"mer. 8 nov., 20:00",Sin é Dublin,"17,24 "
Quel bilan tirer d’un an de  présidence Meloni ?,mardi prochain à 19:30,École Normale Supérieure,
Santa's Cottage Milltown,"ven. 1 déc., 17:00",Milltown Park,"24,57 "
paradox. - Dark Halloween Party 2023 - Mixed Dark & Goth Music,"mar. 31 oct., 21:00",Four Runners Club,"13,19 "
Lezing en boekvoorstelling Wat onze darmen ons vertellen,mardi prochain à 20:00,GC De Kluize,"10,00 "
ER & AIR,"sam. 4 nov., 19:00",CARL & SOPHIE Spree Restaurant,"139,00 "
Bike Maintenance Workshop,"sam. 4 nov., 10:00",The Rediscovery Centre,"40,00 "
Creating Resilience in a Time of Anxiety - with Dr. Colman Noctor,mercredi prochain à 20:00,Presentation Secondary School,"5,00 "
Het grote Volkshuisvestingsdebat,"lun. 30 oct., 19:00",Bezuidenhoutseweg 67,"0,00 "
EAGLETECH Day 2023,mardi prochain à 09:30,Villa Rosa Hotel,"90,00 "
Witch Perfect Amsterdam(Ages 14+),vendredi prochain à 19:30,Boom Chicago,"30,03 "
AUSVERKAUFT! / SAME SAME BUT DIFFERENT / BKK Thai Street Food,aujourd’hui à 19:00,BKK Thai Street Food,"51,21 "
GBAA Mitgliedertagung 21.11.2023 München,"mar. 21 nov., 13:00",Steigenberger Hotel München,"95,00 "
Brief Chats,"mer. 1 nov., 06:00",Fad Saoil Saunas,
Encuentro presencial Madrid AI #Oct23:  Charlas IA + Networking,jeudi prochain à 18:30,Madrid International Lab,
TI-MESSENGER SUMMIT 2023,mardi prochain à 09:00,Health Innovation Port,"0,00 "
DSAI Annual Conference 2023,mercredi prochain à 14:00,Dublin City University,"5,00 "
E-Commerce Night Stuttgart 10.11,"ven. 10 nov., 16:00",eFly-amz Office,"49,00 "
Boo for Barretstown 2023,"dim. 29 oct., 12:00 + 1 en plus",Russborough House & Park,"9,01 "
SAMSTAG - Halloweenparty in der Kulturbrauerei,"sam. 28 oct., 22:00",Kulturbrauerei,"15,72 "
National Open Research Festival 2023,"jeu. 2 nov., 09:30",The Royal Irish Academy,
Firmacopie con Roby - L'Accademia del Caos,"mer. 1 nov., 16:30",Si10 SALA INCONTRI JUNIOR REAL COLLEGIO,
extravaganza - Die etwas andere Vernissage,"dim. 5 nov., 18:00",Les Halles | Areal Böhler,"59,00 "
Wild Wonders,"dim. 12 nov., 15:00","The Printworks, Dublin Castle","0,00 "
MINIMALLY INVASIVE CARDIOTHORACIC COURSE 2023,"mer. 8 nov., 08:00",ASSERT Centre,"950,00 "
Women on the Move Indoors Waterford- 1st November 2023,"mer. 1 nov., 20:00",Carrickphierish Sports Hub,"20,00 "
Liedertour am Keulenberg (Tour offen für alle),"mar. 31 oct., 10:30","Bahnhof, Bischheim-Gersdorf","14,00 "
IWB October Meet-up,jeudi prochain à 18:00,Find Your Wine Match,"11,83 "
Halloween Activity Day,"jeu. 2 nov., 09:00",The Rediscovery Centre,"25,00 "
Dublin City Libraries Readers’ Morning,"sam. 11 nov., 10:00","The Printworks, Dublin Castle","13,85 "
Alison Sudol @ German Film & Comic Con 2023,Messe Dortmund GmbH / Eingang Nord,,
RCW Presents Pav Fiction - Zeds Dead Baby,"sam. 4 nov., 19:00",The Pav,"20,28 "
Vieux Farka Touré,"dim. 29 oct., 14:00",Cyprus Avenue,"33,00 "
PIER FÜR  VIER,"mar. 7 nov., 19:00",Hafenküche,"139,00 "
CoCo Comedy Club: Killian Sundermann and Guests!,"sam. 11 nov., 20:30",The Roundy,"20,00 "
Gateway Connect meets Kölns KlimaStar 2023,InnoDom Cologne,,
“Il Capo del DDPS in Ticino” e “Il futuro comando cibernetico”,"jeu. 2 nov., 18:00",LAC Lugano Arte e Cultura,
ClimaTech,"mar. 14 nov., 08:30",Ecole des Mines de Paris,"350,00 "
BALLANTYNE PRIVATE SALE INVERNALE (26 Ottobre),jeudi prochain à 10:00,Showroom Fabio Gatto,
Expert Citizens National INSIGHT Awards 2023,"mer. 8 nov., 09:30","The Catalyst Building, Staffordshire University",
Always Children First: Child Safeguarding Awareness,"sam. 4 nov., 09:30",Ashling Hotel,"10,00 "
Dorfgeschichten,"mar. 7 nov., 19:30","Museumsgaststätte ""Im Weißen Ross""","13,96 "
The Art of Being You: Embrace Your Creative Power,mardi prochain à 19:00,Equals Clubhouse,"33,00 "
Open Air Halloween Party for Family & Kids - Mannheim,"dim. 29 oct., 16:30",Zum Herrenried 10,"4,38 "
FEJKA -live- KONZERT TOUR 2023,"sam. 4 nov., 20:00",Club Paula Musikclub,"18,12 "
SMOKIE Night For Longcourt House Hotel,"ven. 3 nov., 19:30",Longcourt House Hotel,"30,76 "
Gilles Peterson,"dim. 29 oct., 23:00",Cyprus Avenue,"24,76 "
Monkey 3 + Unida,"jeu. 2 nov., 19:00",VORTEX SURFER Musikclub,"28,88 "
Leipzigs schaurigste HALLOWEEN PARTY 2023,"lun. 30 oct., 22:00",Täubchenthal,"11,43 "
MASS DEATHTRUCTION FESTIVAL 2023,"sam. 4 nov., 11:30",Ferme du Biéreau,"52,57 "
Abbeyleix House and Farm Christmas Market & Santa's Grotto,"sam. 9 déc., 12:00",R32 E2W4,"0,00 "
Masterclass Franky J & Clara,vendredi prochain à 20:00,HipHopHuis,"22,17 "
Mädelsflohmarkt Waltenhofen 2. Dezember,"sam. 2 déc., 11:00",Plabennecstraße 9,"24,62 "
1993 UND KEIN  BISSCHEN ÄLTER,"sam. 4 nov., 19:00",Rotisserie Weingrün,"30,00 "
Danny Byrne band,"sam. 25 nov., 19:00",Bush bar,"17,07 "
NO BIGGIE FRIDAY 09 - Halloween Edition,vendredi prochain à 23:59,Cannibale Royale Westblaak,"0,00 "
ImpactWork Seminar - 'Gelijke kansen op werk',"jeu. 2 nov., 17:00",MediArena Amsterdam,"30,25 "
28.10.2023 Halloween Elmoklub Wernigerode,"sam. 28 oct., 22:00",Elmo Klub Wernigerode,"8,64 "
The Beauty Bash 2.0,"dim. 26 nov., 14:00",The Ebrington Hotel,"86,77 "
"Back to the '70s, back to the '80s","sam. 18 nov., 22:00",Spielbank Hamburg - Casino Esplanade,"6,27 "
Beyond 2023,"lun. 30 oct., 17:30",The Hotel Brussels,
CHARLIE WINSTON en Barcelona,"mar. 7 nov., 21:00",Sala La Nau,"24,36 "
Mind Magic,"dim. 12 nov., 11:15","The Printworks, Dublin Castle","0,00 "
Arianna Craviotto - Il segreto della bussola magica,"ven. 3 nov., 16:30",Sala Laboratori 3 Real Collegio,
Gala de la III Edición ‘Ellas Cuentan’,jeudi prochain à 19:00,"C. de San Cayetano, 5",
Brazilian Startups Networking,"dim. 12 nov., 18:00",Boteco dona luzia,"7,08 "
Tour Outono - Business day Portugal,"ven. 10 nov., 09:30",Hotel Melia Lisboa Aeroporto,"20,00 "
Comment sortir de la civilisation des énergies fossiles ?,"mar. 31 oct., 19:30",École Normale Supérieure,
RKDES 4 - Jubileumfeest,"sam. 4 nov., 20:00",Rkdes Door Eendracht Sterk,"15,00 "
"Gym+Coffee Dundrum Yoga,Meditation+Sound Healing Bowls with Sarah+Georgina","dim. 5 nov., 09:00",Dundrum Town Centre,"10,00 "
Global Roots: Seckou Keita (Senegal),"sam. 4 nov., 21:15",Ballinglen Museum of Art,"16,00 "
Foro RETAIL future - 6ª edición,"mar. 31 oct., 08:30",CaixaForum Valencia,
SWIFTIE NIGHT VIENNA | Taylor's Version,"sam. 9 déc., 22:00",D19 the Club,"15,00 "
TOUR DE CUISINE,"lun. 6 nov., 19:00",Hotel Adlon Kempinski Berlin,"189,00 "
Let's walk & Talk,"jeu. 9 nov., 09:30",Klein Engelandhoeve,"32,66 "
Otoño con sabores veganos,mercredi prochain à 18:30,La Sirena,"10,00 "
Masterclass „NewWork”: #4 Resilienz,"mer. 15 nov., 09:00",digitalHUB Aachen e.V. in der digitalCHURCH,"550,00 "
About Life - Avond over de Liefde!,mercredi prochain à 19:30,"Locael Centraal, Kennemerplein, Haarlem, Nederland","35,00 "
WeMeet | Firenze Halloween Party,"mar. 31 oct., 21:45",Palazzo Borghese Firenze,
"Open Ear @ Beta Festival, Saturday 4th November","sam. 4 nov., 19:00",Tailors Hall,"17,07 "
Wartung von dezentral-aufgebauten PV-Anlagen – Praxisseminar,"mar. 31 oct., 09:00",Günther Cramer Solar Academy,"648,55 "
Chip & Chat: Women's Social Golf Community Meetup 3,jeudi prochain à 18:00,Leopardstown Golf Centre,"30,00 "
Christmas by Candlelight,"dim. 3 déc., 19:30",Headfort Arms Hotel,"27,79 "
Erhan Demirci Stand-up Comedy EXTRA show wegens groot succes.,"sam. 16 déc., 19:00",The Max Venues,"16,92 "
Winter Papers Launch,"sam. 11 nov., 14:15","The Printworks, Dublin Castle","0,00 "
MASTERMIND PSR - RDV entre investisseurs sur Paris (25 nov) - 30 places,"sam. 25 nov., 09:00",Le Loft Triangle d'Or,"57,00 "
Hard//hoofd Live: Aaah!,jeudi prochain à 20:00,Het Groene Veld,"6,20 "
1. Circular Carbon Economy Summit,"mer. 15 nov., 09:00",The Stage,"354,00 "
TMT London trip 2023/24!,Generator London,,"38,52 "
Mammolaborant 2023,"mar. 14 nov., 09:30","De St@art,  Apeldoorn","231,04 "
November Kilkenny Single & Ready To Mingle 35 - 55,"sam. 11 nov., 11:00",Castlecomer Discovery Park,"22,07 "
A l'unisson de vos émotions,jeudi prochain à 09:00,Comet Meetings,"20,00 "
Female Business Meetup Hamburg,jeudi prochain à 19:00,Beehive Hamburg City (Steinstraße),"12,00 "
Delft MaMa 2023 Halloween Party,"dim. 29 oct., 14:00",Kindergarden Delft Zuid,"0,00 "
"The Lost Brothers live at St. Patrick's Gateway, W","ven. 3 nov., 20:00",St. Patrick's Gateway Centre,"24,21 "
"Manchester Calling! w/The Total Stone Roses, The Smiths Presumably & Oaysis","ven. 3 nov., 19:00",The Button Factory,"35,27 "
Moxy Halloween Party,"mar. 31 oct., 19:30",Moxy Milan Linate Airport,
Crepe City BERLIN Sneaker Festival,"dim. 19 nov., 13:00",STATION Berlin,"13,64 "
Chamsys Basic-Training für MagicQ Lichtsteuerpulte,mardi prochain à 09:30,Prolighting-Showroom,"73,79 "
Fred Wesley & The New JBs,"lun. 30 oct., 19:30",The Sugar Club,"40,20 "
The Greater European Conference 2023,"sam. 4 nov., 09:30",Konrad-Adenauer-Stiftung e.V. Europabüro Brüssel,"0,00 "
International Stand Up Comedy (ENG),jeudi prochain à 20:00,Tierney's Irish Pub & Restaurant,"14,30 "
#OAFICongress23 - 7th Osteoarthritis Patients Worl,mercredi prochain à 09:30,Auditorio Axa,
A Night of Swing Music with Tom Cole Jr in 1900 Restaurant,"jeu. 2 nov., 19:15",1900 Restaurant,"74,98 "
Mädelsflohmarkt Rosenheim AUERBRÄU FESTHALLE,"sam. 25 nov., 15:00",AuerBräu Festhalle,"24,62 "
Neil Jordan SOLD OUT,"sam. 18 nov., 20:00",An Díseart,"17,07 "
WILLIAM BOEVA  @ Wolinski,"dim. 5 nov., 20:00",Wolinski,"16,00 "
"Insieme, oltre.","sam. 11 nov., 14:30",BASE Milano,"15,00 "
THE BURLESQUE SHOW,"dim. 19 nov., 20:00",Boom Chicago,"18,15 "
Screenprinting  Weekday Course,demain à 10:00,Cork Printmakers,"300,00 "
Beta Festival Conference - Friday (Day ticket),"ven. 3 nov., 10:00",85 James St,"27,79 "
Nuevas herramientas para Turismo Experiencias #ExperienciasAEDH Baleares,mercredi prochain à 09:30,INNSiDE by Meliá Palma Bosque,"0,00 "
FS Business Forum 2023,"ven. 17 nov., 08:00",Frankfurt School of Finance & Management,"44,99 "
Obstetric Brachial Plexus Palsy Study Day: Where to Start?,"mer. 15 nov., 09:00",Central Remedial Clinic,"80,00 "
Corso di Handpan a Roma per principianti,Battiloro Handpan Studio,,"100,00 "
"Bluesartieste Ghalia Volt, One Woman Band in Lamot Mechelen",aujourd’hui à 17:45,Congres- en Erfgoedcentrum Lamot,"12,10 "
Assemblea Nazionale,samedi prochain à 09:30,Teatro Eliseo,
Chopin by Candlelight Limerick,vendredi prochain à 21:00,Saint Mary's Cathedral,"21,35 "
Firmacopie Alessandra Patanè @ Padiglione Panini - LC&G2023,"jeu. 2 nov., 14:00",Padiglione Panini - Ex Cavallerizza,
Vegan Quiz Night,"jeu. 2 nov., 19:00",Plant Base,"5,97 "
Firmacopie con Jennifer Puddu,"mer. 1 nov., 14:30",Si10 SALA INCONTRI JUNIOR REAL COLLEGIO,
FUDDA FEST,jeudi prochain à 10:00,"Via Emerico Amari, 11","0,00 "
Italian Rhapsody Tour • Eindhoven • Stand up Comedy in English,mercredi prochain à 19:30,Pand P,"11,68 "
Beta Bay - Playtesting Session,mardi prochain à 18:00,Play Bay GmbH,"5,00 "
La Gran Jornada,mercredi prochain à 10:30,Sevilla,
Conf :  Management de Transition Votre prochaine aventure professionnelle ?,"jeu. 9 nov., 08:30",X-PM et ZOOM,"10,00 "
Real Talk Date (27-42 Jahre),mardi prochain à 19:00,NOA - Cafe & Bar,"34,00 "
"The Tumbling Paddies live at The Bailey, Redcastle","ven. 15 déc., 21:30",Bailey Redcastle Nite Club,"17,07 "
"Temptation BIRTHDAY Edition w/ Robin Elyza, Orak, 3.11. , Puls Club Münster","ven. 3 nov., 23:00",PULS | Der Club in Münster,"11,83 "
From Stem Cells to Stars: Poetry and Physics,"dim. 12 nov., 16:30","The Printworks, Dublin Castle","0,00 "
Club Sándwich  | Punto de Foco: Eugenio Caballero,vendredi prochain à 19:00,Casa de México en España,
A Christmas Celebration,"sam. 2 déc., 13:30",St Ann's Church of Ireland,"20,28 "
"16 novembre - Vitamine T, une boîte pas comme les autres","jeu. 16 nov., 11:30",Groupe Vitamine T,"0,00 "
Bring Back YESTERDAY by YASIN & T.G.L - All Area @ Enter The Dragon,vendredi prochain à 23:00,ENTER THE DRAGON RESTAURANT BAR NACHTCLUB MÜNCHEN,"10,00 "
#ADRF23  Generative AI for European society and industry,"mer. 8 nov., 09:00",Domaine de Voluceau,"400,00 "
Autumn 2023 - Lithuania,samedi prochain à 13:00,Best Western Vilnius,"5,00 "
Sip & Savour: A Paris Texas Wine Affair,jeudi prochain à 18:45,Paris Texas Bar and Restaurant,"54,55 "
Words and Music,"jeu. 9 nov., 20:15",Glass Mask Theatre,"11,70 "
English Stand Up Comedy #5.01 - Chris Doering - Life is Hilarious *Munich,aujourd’hui à 20:00,Shamrock Pub,"11,38 "
4ª Conferência Anual ECOseguros,jeudi prochain à 09:15,Centro Cultural de Belém,
KI & Kreativwirtschaft Ausgabe #2: KI & Tools,"mer. 29 nov., 19:00",SPACE,"16,43 "
La IA y el futuro de la comunicación y el marketing en medios sociales,mercredi prochain à 19:00,IE TOWER  24th floor,
RPAnhn congres 2023,"mer. 1 nov., 13:15",De Kampanje Den Helder,
La Grande Bellezza 2023 - BOLOGNA,demain à 17:00,I Portici Hotel,"50,00 "
move2meditate  - Kum Nye Tibetan Yoga & Meditation,"sam. 4 nov., 10:30",Bru Columbanus,"15,00 "
SOSAD.97,"sam. 28 oct., 21:00",Sala Doppler,"16,86 "
Little Kneaders -  Monster dough at the  Halloween workshop,"mar. 31 oct., 11:00",High Meadows Community Hub,"10,00 "
Milena insegnami la felicità -firmacopie con Megi Bulla e Fiore Manni,"dim. 5 nov., 11:15",Sala Incontri Primo Chiostro Real Collegio,
Ana Bekuta Live!,"ven. 17 nov., 20:30",Freiheitshalle,"29,13 "
IGNITE North Africa,jeudi prochain à 09:00,فندق موڤنبيك دو لاك تونس,
Lo Studium Biblicum Franciscanum di Gerusalemme: verso il centenario,jeudi prochain à 14:30,Università Cattolica del Sacro Cuore - Aula 242 (Cortile Dante Alighieri),
Mädelsflohmarkt Albstadt-Tailfingen 18. November,"sam. 18 nov., 11:00",Zollern-Alb-Halle,"24,62 "
Cercle départemental en Essonne,"lun. 20 nov., 09:30",BNP Paribas,"15,00 "
Katriona O'Sullivan interviewed by Deanna O'Connor,"dim. 19 nov., 12:00",An Díseart,"13,85 "
Peter Richardson + Special Guests Live at BelloBar,"ven. 10 nov., 19:30",BelloBar,"10,00 "
Mantelzorgwaardering 2023 - zaterdag 18 november,Gemeente Houten,,
Pharma New Talent TALKS - Medical Sales Night,jeudi prochain à 19:00,"Avda. del Portal de l'Àngel, 40","10,90 "
"Muva Of Earth, Tawiah & Vega Trails","sam. 28 oct., 20:00",Live at St Luke's,"24,64 "
Πεζοπορία στο Φαράγγι Βουραϊκού - Οδοντωτός,samedi prochain à 07:15,Βουραϊκός Ποταμός,"22,09 "
CRYSTAL QUEER CLUB - HALLOWEEN EDITION,"dim. 29 oct., 20:00",FIBBERS MAGEES BASEMENT,"6,34 "
Monastic Day of Mindfulness,samedi prochain à 09:30,Dominican retreat centre,"35,00 "
Gründerszene Female Leader Dinner München - 07.11.23,"mar. 7 nov., 19:00",Café & Restaurant Museum,
Friperie au kilo - Avignon,samedi prochain à 10:00,La Chapelle du Miracle,
Level 1 Sport Leaders Award Programme,"mar. 31 oct., 09:30",Lann Leire Pavillion,"30,00 "
BÜHNE FREI,"dim. 5 nov., 18:00",Renaissance-Theater Berlin,"189,00 "
JORNADA: DÍA INTERNACIONAL DE LA RADIOLOGÍA 2023 “Imagen Abdominal”,"mer. 8 nov., 09:00","Hospital San Juan de Dios-Auditorio ""ANTÓN MARTIN""","10,00 "
Frames by Friends - NOVIEMBRE 2023  @BAU,"jeu. 9 nov., 18:00","Carrer de Pujades, 118","0,00 "
Personeelsvergadering,mardi prochain à 13:30,CC De Brouckère,
Festive,"mer. 8 nov., 19:00",Mount Anville Secondary School,"38,52 "
Hughes Farming Pumpkin  Festival 2023 (Kilkenny Pumpkin Picking),samedi prochain à 09:30 + 3 en plus,Hughes Farming Pumpkin Festival,"5,00 "
BVF Platform symposium 2023,"mar. 7 nov., 09:30",Hotel Theater Figi,"0,00 "
Ü30 DISCO DELUXE @ SCHLOSS HEIDELBERG,"sam. 11 nov., 20:00",Schloss Heidelberg,"14,01 "
Startup-Verband on Tour: Frankfurt am Main,"mar. 7 nov., 18:00",PwC Experience Center Frankfurt,
MGCE Folk Festival,samedi prochain à 12:00,"College of Further Education and Training, Ennis Campus, Clon Road Business Park, Ennis",
"Di, 31.10. | 10 -16 Uhr I Workshop „Modellieren mit Ton“ |  6- bis 10- J.","mar. 31 oct., 10:00",MIXT Kinderkunsthaus gGmbH,"64,74 "
Milica Pavlović Live!,"ven. 3 nov., 21:00",Freiheitshalle,"29,13 "
"SingAlong Hamburg (Hits der 90er & 2000er), 26.10.2023",jeudi prochain à 20:00,Ferdinandstraße 12,"12,90 "
Sarah Keary Make-Up Masterclass,"jeu. 9 nov., 18:30",Dunnes Stores,"15,00 "
Megamarsch 50/12 Spezial Mallorca 2024,"sam. 24 févr., 07:30",vor dem Hotel Zafiro Tropic,"95,40 "
Toales spooky Halloween Fancy-dress Party featuring OSIRIS,"dim. 29 oct., 20:00",Toales Bar & Live Venue,"10,50 "
How to Songwriting: So schreibst du kreative Texte – TINCON Academy,"mer. 1 nov., 16:00",TINCON Studios,"0,00 "
"Evento Bello, Firenze 25 ottobre 2023 ✨",mercredi prochain à 19:00,Ostello Bello Firenze,"7,99 "
TEDxLago di Fogliano - Ispirare per connettere,"sam. 11 nov., 17:00",Il Fogliano Hotel NewLife,"30,50 "
Poelman Fabrieksuitverkoop,vendredi prochain à 13:00,Magazijn de Ruijter,
sonntagstanz horizon,"dim. 29 oct., 11:00",Dr Heinrich Hackelhütte,"19,99 "
Notfall- Echokardiographie bei Kindern und Neugeborenen,"ven. 3 nov., 13:00",Kath. Marienkrankenhaus Hamburg gGmbH,"410,00 "
We are as Gods - Filmvertoning,"mer. 1 nov., 21:00","Louis Hartlooper Complex, Tolsteegbrug, Utrecht, Netherlands","20,00 "
Trick or Treat Ages 4-10 year// Süßes oder Saures,"mar. 31 oct., 16:00",Eltern-Kind-Zentrum Schwabing,"9,70 "
Cork Jazz Festival: Rory Gallagher Tribute With De,"dim. 29 oct., 19:30",Fred Zeppelins,"10,00 "
Diseñando con Inteligencia Artificial los productos del futuro,jeudi prochain à 11:00,"Carrer de Caballero, 62",
"Book Launch: Sunday Miscellany - A Selection, 2018–2023","ven. 10 nov., 19:00",LexIcon Library and Cultural Centre,"0,00 "
Mundy + Band,"sam. 11 nov., 20:30",The White Horse,"27,82 "
Jornada sobre producción láctea y quesera de ovino y caprino,"mer. 8 nov., 09:15",Facultad de Veterinaria,
Spatial Data Science Bootcamp Paris 2023,jeudi prochain à 09:00,81 Rue de Clichy,"0,00 "
EISKALT AUFGETAUCHT,"sam. 4 nov., 19:00",Restaurant Facil,"480,00 "
Trinity of Arts - CD-Release-Concert,vendredi prochain à 20:00,Kulturhaus Spandau,"0,00 "
Hi Impact Critical Care 4.0 (HICC 2023) - Renal & Metabolic Critical Care,"ven. 10 nov., 07:00",Clayton Hotel Galway,"0,00 "
TopQuants Lustrum Autumn Event 2023,"mer. 1 nov., 13:30",ING Cedar,"30,00 "
MUNICH TECH JOB FAIR AUTUMN 2023,"mer. 8 nov., 19:00",smartvillage Bogenhausen – Italien Room,"0,00 "
Fanter Film Festival XII,Palacio de Congresos de Cáceres,,"5,77 "
MU-TANTES / CONFERENCIAS 2023,"ven. 24 nov., 18:00",Centro Párraga,"24,63 "
O'Reilly's Bar - Halloween TIPSY Thursdays - 1/2/3 Drinks -  26th Oct,jeudi prochain à 22:00,O'Reilly's Bar,"8,48 "
Costume Happy Halloween Party,"dim. 29 oct., 21:00",Molly’s Bar and Restaurant,"7,05 "
"Chewie ""Inarticulate"" Record Release Show","sam. 9 déc., 19:00",The Button Factory,"20,28 "
Kiernan Steel Christmas Fashion Show in aid of Marys Meals,"ven. 10 nov., 19:00",Longford Arms Hotel & Spa,"15,00 "
Digital Workplace Summit by Communardo 2023,"mer. 8 nov., 08:30",Westhafen Pier 1,"399,00 "
"Modena City Ramblers | Frannz, Berlin",jeudi prochain à 19:00,FRANNZ Club,"27,82 "
"Méditer en période délicate, programme MBSR & pleine conscience","lun. 30 oct., 18:30",Faculté de Médecine de l'Université Catholique de Lille - Salle Delattre (1ème Etage),"0,00 "
Isagenix Academy Netherlands,"sam. 25 nov., 10:00",Novotel Amsterdam Schiphol Airport,"10,00 "
6. Speakercruise der Welt von Ernst Crameri,"sam. 25 nov., 12:00",Düsseldorf,"530,71 "
"Educació inclusiva: situar la incertesa, acceptar l'envit. Silvana Corso",mardi prochain à 18:00,Universidad de las Islas Baleares. Edificio Sa Riera,
Corso Manovre salvavita pediatriche e sonno sicuro,"sam. 11 nov., 14:00","Via Persico, 40","37,10 "
"Scaling the Value of Data, Analytics and AI in the Data Mesh Paradigm","mar. 7 nov., 09:00",STARTPLATZ,"712,81 "
Babisnauer Pappel (Altersgruppe 30 bis 45 Jahre),"dim. 5 nov., 11:00",Landhaus Lockwitzgrund,"19,00 "
Abendessen im Landhaus Feckl und in der Leibspeiserei Altdorf,demain à 19:00,Landhaus Feckl Ehningen und Leibspeiserei Altdorf,
Reunião de Pastores & Lideres | United Conference,"ven. 3 nov., 20:00",Missão Cristã Internacional,"11,54 "
Petit Burlesque,"mar. 14 nov., 19:00",Le Petit Coq,"30,68 "
Max Porter,"sam. 18 nov., 12:00",An Díseart,"13,85 "
Afternoon Tea Time by Lluís Pérez,aujourd’hui à 16:00,Hotel De Mar Gran Meliá - The Leading Hotels of the World,"45,00 "
11.11. KARNEVAL IN KÖLLE AM RING,"sam. 11 nov., 11:00",einundfünfzig,"12,00 "
"Atelier Découverte - Initiation à la modélisation 3D, 9h30 à 12h30",mardi prochain à 09:30,L'École de design Nantes Atlantique,"10,00 "
re:think23 – die „Lotsen für die Copiloten“ treffen sich in Düsseldorf!,"mer. 8 nov., 13:00",Lofthaus,"351,05 "
11ª Conferência Passivhaus Portugal 2023,mardi prochain à 09:30,Centro de Congressos de Aveiro,
Halloween play event,samedi prochain à 12:00,Hillview Sports Club and Pitch & Putt Course,"11,70 "
Ateliers Ludiques - Leadership et numérique en Seine-Saint-Denis,mardi prochain à 09:30,7 Rue Frida Kahlo,
Hawksmoor X The Irish Beef Book X Waterford Whisky,"mer. 8 nov., 18:00",Hawksmoor Dublin,"108,23 "
Allocate | Italy Edition,jeudi prochain à 18:00,Deloitte,
"Atelier Découverte - Initiation au dessin de perspective, 9h30 à 12h30",mercredi prochain à 09:30,L'École de de design Nantes Atlantique,"10,00 "
"Grundkurs für den ""Motorsägenschein""","ven. 17 nov., 13:30",Grünes Zentrum Immenstadt,"150,00 "
Conférence annuelle de L'Afrique des Idées,"mar. 7 nov., 18:00",15 Rue de Laborde,
Design Gets Witchy: Herramientas Alternativas para Potenciar la creatividad,mardi prochain à 18:45,NIMURA RAIMA Rooftop,"3,56 "
#TRG23,jeudi prochain à 09:00,La Nave,"90,75 "
Booste ta story de Business'L,"mar. 7 nov., 14:00",CCI GRAND LILLE,"15,00 "
The Winter OlympiXX,"sam. 4 nov., 09:30",Alpha,"35,00 "
Sonder Launch,"sam. 11 nov., 20:00","The Printworks, Dublin Castle","0,00 "
FMN Connect XL:  Reconnect with nature | Do 16 november 2023,"jeu. 16 nov., 12:00",Museon-Omniversum,"0,00 "
King Kong Company,"sam. 28 oct., 19:00",Cyprus Avenue,"27,50 "
STUDANCE SEMESTER START I 28.10.23 I KUZ Mainz,"sam. 28 oct., 23:00",KUZ - Kulturzentrum Mainz,"10,65 "
Crowd Work Comedy Show  GRAZ #4 - Aladdin Jameel (Aufzeichnung),"ven. 10 nov., 19:00",THELUX,"26,31 "
Food for thought - Caribbean cooking class,vendredi prochain à 18:00,"KEUKENvuur | kookworkshop | kok aan huis, Hyperonenweg, Utrecht, Netherlands",
Junior Badminton on Wednesdays at Coral Leisure Arklow,"mer. 8 nov., 18:00",Coral Leisure Arklow,"10,00 "
KerryClimbing Host BRIT ROCK 2023,"ven. 10 nov., 19:30",Kingstons Boutique Hotel & Pub,"13,85 "
The Taylor & Harry Night // Jazzhaus Freiburg,"ven. 24 nov., 23:00",Jazzhaus Freiburg,"12,79 "
Fizzy Orange / 1000 Beasts / Papa Romeo,vendredi prochain à 20:00,Live at St Luke's,"21,99 "
ICF Ireland Gala Dinner,"sam. 11 nov., 18:00","Dublin, Ireland","2,05 "
Analista Previdenziale Tour 2023 - BOLOGNA,mardi prochain à 09:30,Hotel Cosmopolitan Bologna,
TEDxLisboa 2023: Poder,"mer. 1 nov., 09:00",Culturgest,"50,00 "
Accordion Workshop with Danny O'Mahony at Patrick O'Keeffe Festival 2023,samedi prochain à 11:00,St Patrick’s Secondary School,"17,07 "
Halloween Midterm Camp,"lun. 30 oct., 10:00",Festina Lente,"32,60 "
Chamsys Advanced-Schulung für MagicQ Lichtsteuerpulte,mercredi prochain à 09:30,Prolighting-Showroom,"73,79 "
The Racket Space Presents: Iglooghost,"ven. 3 nov., 23:00",The Racket Space,"5,56 "
Yoga per beneficenza ♡,"mer. 1 nov., 10:00",Parco Sempione,
Cercle départemental dans le Rhône,"lun. 6 nov., 12:00",Doréssens,"15,00 "
6. Employer Branding Forum 2023,Future Dome,,"175,00 "
Medio Oriente e Nord Africa: i nuovi giochi delle grandi potenze,vendredi prochain à 09:00,IULM Università - Aula Mike Bongiorno,
Double Love Live: The Halloween Special,jeudi prochain à 19:30,The Podcast Studios,"11,70 "
POINTS TO PLAY 2023,samedi prochain à 09:00,Mulhouse Artistic Dance M.a.d.,"40,00 "
80er-90er Party,"sam. 18 nov., 20:30",Hubertuszelt,"15,87 "
WAD,"dim. 5 nov., 15:00",Het Spoorhuis Vinkeveen,"15,00 "
Distel-Revival-Treffen 2023,"sam. 4 nov., 19:00",Fleckners Finest Food in der Bernardus Kapelle,"27,82 "
Data Literacy Day 2023,"mar. 7 nov., 13:00",BASECAMP,
Yoga Workshop Mutton Lane Sunday 5th November,"dim. 5 nov., 10:00",D16 WV10,"35,00 "
How to Videoproduktion: Mixed Media Art – TINCON Academy,"mer. 8 nov., 16:00",TINCON Studios,"0,00 "
Palermo Halloween 23,"mar. 31 oct., 19:00",Palermo Cruise Terminal,"17,22 "
REIS & SHINE,"sam. 4 nov., 15:30",Kochu Karu Deli,"52,00 "
Paul Howard - Ross O'Carroll Kelly at Seapoint,"ven. 17 nov., 20:00",Seapoint Rugby Club,"22,42 "
PULSE VENUE WHISTLIN DONKEYS HALLOWEN FESTIVAL WEEKEND,"sam. 28 oct., 22:00",PULSE VENUE,"22,42 "
Firmacopie con BellaFaccia - Lo scontro dei mondi,"dim. 5 nov., 16:30",Si10 SALA INCONTRI JUNIOR REAL COLLEGIO,
Certified User Training for Imaging Fundamentals | Munich,"mar. 28 nov., 09:30",ARRI - Arnold & Richter Cine Technik GmbH & Co. Betriebs KG,"1 699,00 "
Men on the Move Indoors Waterford - 6th November 2023,"lun. 6 nov., 18:15",Butler Community Centre,"20,00 "
FEMboss Offline Netzwerkevent für Gründerinnen in Stuttgart,vendredi prochain à 19:00,The Avocado Show,"23,80 "
Berrilan Basque Tech Summit 2023,jeudi prochain à 08:30,"Reale Arena, Anoeta Pasalekua, San Sebastián, España","0,00 "
GAME CHANGERS #23 : Le RDV pro du jeu vidéo inclusif,samedi prochain à 13:00,"Station 45, Siège du groupe Novaxia","15,00 "
RightBrains Celebration Event 2023,"jeu. 2 nov., 13:00",ABN AMRO Hoofdkantoor,
Rave Is Not A Crime,"ven. 17 nov., 21:00","KiK - Kulturverein Kunst im Keller, Ried im Innkreis","12,79 "
"The Coronas, Fomhair Festival, Sunday 29th October 2023","dim. 29 oct., 18:30",Live At The Big Top Donegal,"45,09 "
Tanit Ibiza Congress & Awards,vendredi prochain à 09:30,Centro Cultural de Jesús,"0,00 "
La Revisione della Direttiva Europea sul Recupero dei Fanghi in Agricoltura,mardi prochain à 09:00,Palazzo delle Stelline,
Vito Marenče Duo / Flamenco,"sam. 28 oct., 20:00",Prulček - live music venue,"0,00 "
GoDataFest,mardi prochain à 09:00,Xebia Netherlands BV,"5,00 "
THREE HOUSE HALLOWEEN.,"mar. 31 oct., 15:00",THREE HOUSE HOTEL,"17,24 "
Silvestergala 2023,"dim. 31 déc., 19:00",Schloss Milkersdorf,"349,69 "
FROID IN DUBLIN,"dim. 19 nov., 20:00",The Well,"35,30 "
"Avant-première du documentaire ""La Loi du Sport.""",jeudi prochain à 21:00,"Le Champo - Espace Jacques Tati, Rue des Écoles, Paris, France","7,00 "
HR-meeting | Kijkje in de HR Keuken bij GGD Zuid Limburg,jeudi prochain à 14:00,Het Overloon 2,"25,00 "
Queer Spooky Mic,vendredi prochain à 21:00,Amstel 54,
Alt-Finance e Crowdinvesting Day 2023,"jeu. 23 nov., 09:30",Palazzo Turati,
SG[Spain] 2023,"ven. 17 nov., 15:00",UPC Escuela de Ingeniería de Telecomunicación y Aeroespacial de Castelldefels,"21,67 "
Workshop Studio-Portretfotografie met Sanne van Pinxten,"mar. 14 nov., 13:00",Kamera Express Capelle aan den IJssel,"50,00 "
8. IBM Planning Analytics and TM1 Experts Day,demain à 14:00,"IBM Deutschland GmbH, Auditorium",
Terrores nocturnos presenta España misteriosa,mardi prochain à 19:00,Bastardo Hostel,
NEXXT LEVEL – Das Wechseljahres-Event,"jeu. 9 nov., 10:00","Irenensaal, Wort & Bild Verlag","37,92 "
6. Planning Analytics und TM1 Anwendertag,mardi prochain à 09:00,IBM Deutschland GmbH,
Halloweenstad Trick or Treat  zondag  29 oktober 2023,"dim. 29 oct., 12:00",Stadshart,
Giant  Welcome Club 2024,"ven. 19 janv., 21:00",Uebel & Gefährlich,"8,64 "
AI Conference & Award Uitreiking,"ven. 10 nov., 13:00",De Avenue Breda,"67,00 "
BOOM 2023 | DANIEL LUMERA 28 RESPIRI PER CAMBIARE VITA,aujourd’hui à 21:00,Teatro Spazio Reno,
Wild City,"sam. 11 nov., 11:30","The Printworks, Dublin Castle","0,00 "
ASTRA Horror Show – die Brauerei-Halloweenparty,"lun. 30 oct., 20:00",ASTRA St. Pauli Brauerei,
IX Congreso de Comunicación Social de la Ciencia (CCSC2023),Parque de las Ciencias,,"100,00 "
Amics de Primeres,"sam. 18 nov., 20:00",Lluïsos Teatre,"7,50 "
Bierbeleving Rodenbach,"mar. 31 oct., 18:30",Ondernemerscentrum Roeselare 'Huis van de Voeding',"15,00 "
WOMEN'S HUB DAY MÜNCHEN 18. November 2023,"sam. 18 nov., 09:00",BE.YOND ACADEMY c/o MARTIN ET KARCZINSKI,"148,50 "
CHECKPOINT Political Consulting 2023,"jeu. 2 nov., 09:30",Deutsche Bank Quartier Zukunft,"10,90 "
A Window to the World: AONTAS Adult Education Summit 2023,"mer. 15 nov., 09:00",Aviva Stadium,
"""Anatomy of Public Space""- Workshop, F4C",mercredi prochain à 14:30,BASE Milano,
Glen Hansard,"mar. 19 déc., 19:00",Cork City Hall,"37,84 "
Tola Vintage Kilo Sale Dublin,"dim. 29 oct., 10:00",D02 K527,"2,05 "
Synthesize_Her Workshop - DATA at Alternating Current,samedi prochain à 13:30,The Complex Gallery & Studios,"0,00 "
entscheidend leben! Speaker Day,"sam. 4 nov., 14:00",Barockschloss Mannheim,"17,00 "
Work in Process,"mar. 7 nov., 19:00",Unicorn Bar Kitchen & Club,"11,85 "
The Cult of the Dead in Medieval Ireland,jeudi prochain à 19:00,Dublin Institute for Advanced Studies,
Scorpion Session Reunion,"ven. 17 nov., 22:00","""Schlupfloch"" music • drinks • events","12,00 "
"Conference Climate Change, Biodiversity & Economic Outlook",BNP Paribas Fortis,,"150,00 "
Funny Females  and Friends*  Stand-Up Comedy Workshop,samedi prochain à 10:00,WeWork Neue Rothofstraße – Coworking und Büro,"38,47 "
Foundations of tracheostomy care for Speech & Language Therapists,"ven. 10 nov., 08:30",St. Vincent's University Hospital,"80,00 "
"Mo, 30.10. | Ausstellung Kunsthalle & Atelier: Mythos Spanien | 6 -10 J.","lun. 30 oct., 10:00",MIXT Kinderkunsthaus gGmbH,"64,74 "
Casta i sense marit. El control de la sexualitat de les vídues a la Cat...,"ven. 3 nov., 19:30",Sala d’Actes del Montepio de Conductors,
Gavin James,"ven. 3 nov., 19:00",Cyprus Avenue,"44,00 "
JÜNGER,"mar. 7 nov., 19:00",KPM Hotel & Residences,"189,00 "
Police Surveillance North and South,mardi prochain à 09:00,Royal College of Physicians of Ireland,
"Reiki Level 1, Galway - Facilitated by Lisa Lynch.","sam. 4 nov., 10:00",Lough Rea Hotel & Spa,"108,23 "
Uillinn Dance Season 2023 - Unseen Premiere,vendredi prochain à 20:00,West Cork Arts Centre,"17,07 "
Oylegate United Teenage Disco,vendredi prochain à 20:00,Oylegate Community Centre,"10,00 "
Bottle Lamp Making Workshop - Kopper Kreation,"sam. 4 nov., 11:00",The Rediscovery Centre,"25,00 "
CambiaMenti Climatici. La tempesta perfetta dei comportamenti irrazionali,"sam. 28 oct., 21:00",Forum per la Finanza Sostenibile,
WORKSHOP DI CUCINA VEGETALE A VENEZIA - Tiramisù,"sam. 4 nov., 17:00",Torrefazione Cannaregio - Caffè Artigianale,"36,00 "
Trail Hunters @ Night 2023,"sam. 16 déc., 18:00",Gilde Sint Antonius abt Vorstenbosch,"19,54 "
Firmacopie Arex e Vastatore - Cacciatori di fantasmi,"ven. 3 nov., 16:30",Si10 SALA INCONTRI JUNIOR REAL COLLEGIO,
OrientaLiveShow IN PRESENZA PRESSO TEATRO DA PONTE BASSANO DEL GRAPPA,vendredi prochain à 08:30,Sala Jacopo Da Ponte,
AJ McLean @ German Film & Comic Con 2023,Messe Dortmund GmbH / Eingang Nord,,
Dublin: A Writer’s City -  Walking Tour,"dim. 12 nov., 12:30","The Printworks, Dublin Castle","11,70 "
Sonoro Quartet,"dim. 5 nov., 15:00",Windmill QTR,"5,00 "
VI CONGRESO MUJER EXECUTIVA 360,vendredi prochain à 08:50,Badajoz Siglo XXI,
Marketing Lab | AI-volution: Strategie di Marketing nell'Era dell'IA,mardi prochain à 09:00,Binario F,
Westerse invloeden op ons uiterlijk,jeudi prochain à 19:00,Moskee Essalam,
YTH Gala,"dim. 5 nov., 19:30","Hotel de Klepperman, Hoevelaken","15,00 "
SCHLOSSNACHT DER SINNE,"sam. 25 nov., 19:00",Schloss Milkersdorf,"93,44 "
Die Entheilung der alten Welt,"ven. 10 nov., 19:00",Sri Vitthal Dham,
Yogafestival HEAL FEEL LEAD,samedi prochain à 08:00,Hauptstraße 1,"33,14 "
A Victory for Democracy - Celebrating the Heneghan Case,"mer. 1 nov., 18:30","The Irish World Academy of Music & Dance, University of Limerick",
Undeva la Mijloc cu Teo Vio și Costel | Nurnberg | 05.11,"dim. 5 nov., 18:00",Meistersingerhalle,"31,95 "
Journaling Barcamp 2023,"ven. 17 nov., 16:00",betahaus | Schanze,"199,00 "
Techstars Startup Weekend Milano 2023,"ven. 10 nov., 17:30",Bocconi for Innovation - B4i,"38,56 "
Accogliere insegnando l’italiano,mardi prochain à 17:00,Biblioteca Civica Centrale,
Halloween Party,"lun. 30 oct., 20:00",Georgen Terrassen,"18,00 "
John Hume - The Persuader,"dim. 12 nov., 13:30",RDS Library,"6,34 "
"""PASSO DOPO PASSO""","sam. 28 oct., 20:00",Civico Teatro Si 'e Boi di Selargius,
Wild Waters: The Liffey with Richard Nairn,aujourd’hui à 14:00,Sluice Carpark,"5,00 "
Smart D8 Showcase,jeudi prochain à 09:30,The Guinness Enterprise Centre (GEC),
Style and Skincare in the Midlands,"dim. 26 nov., 11:00",Mullingar Park Hotel,"75,00 "
Volle Kanne 90er & 2000er – Halloween Party,"sam. 28 oct., 22:00",Spindler & Klatt,"11,68 "
Brussels Labour 50th Anniversary Dinner,mercredi prochain à 19:30,"Brussels Town Hall, Gothic Hall","35,00 "
Rebooking SUP event,jeudi prochain à 00:00,Lough Rynn Amenity Area,"43,87 "
Billie's Craft Beer Fest 2023,"ven. 10 nov., 15:00",Waagnatie Expo & Events,"87,65 "
"""The Skin of Our Teeth"" By ACA 4 November","sam. 4 nov., 19:30",Mike's Badhuistheater,"15,88 "
WERK:  Vogueing Dance - Art & Food,vendredi prochain à 18:00,Fondazione Museion,"15,00 "
Quiz du mardi  24 octobre,mardi prochain à 20:00,L'Heure du Jeu - Champs s,"5,00 "
Introduction to Mountain Navigation Skills,"sam. 11 nov., 10:00",Carey's Castle Forest Recreational Area,"17,07 "
Koninklijke HFC 1 - Go Ahead Eagles 1,"mar. 31 oct., 20:00",Koninklijke HFC,"0,00 "
TALENTSCHMIEDEN,"lun. 6 nov., 19:00",Bob & Thoms,"189,00 "
Temuera Morrison @ German Film & Comic Con 2023,Messe Dortmund GmbH / Eingang Nord,,
Jamal Aliyev  (cello) & Fiachra Garvey (piano),"ven. 10 nov., 20:00",Russborough House,"21,35 "
Red Bull Dance Your Style World Final - Pre Final 1,"mer. 1 nov., 18:00",Union Halle,
"An Evening With: Donna Haraway, Bruno Clarke and Rosi Braidotti","jeu. 7 déc., 19:30",Nieuwe Instituut,"0,00 "
"Modere November Meet Up - Frankfurt am Main, Deutschland","sam. 4 nov., 10:00","Radisson Blu Hotel, Frankfurt","29,99 "
This Is Verve - Halloween Eve with Dylan Fogarty & Niall Kelly,"lun. 30 oct., 23:00",The Loft Venue,"6,34 "
Live Podcast Steilvorlage im Max-Morlock-Stadion,jeudi prochain à 18:30,Max-Morlock-Stadion,"10,00 "
IL LUPO DALLE FORESTE ALLE AREE URBANE,vendredi prochain à 09:00,"Università Politecnica delle Marche - Dipartimento di Scienze Agrarie, Alimentari ed Ambientali",
Öffnungstag November 2023,"sam. 4 nov., 16:00",Freeplay.Ruhr,"15,00 "
Prompt Battle,"jeu. 2 nov., 20:30",85 James St,"10,00 "
Reuring!Café #114: Naar een deskundige(re) overheid,"mar. 31 oct., 17:00",Glazen Zaal,
"Palo Alto, una fàbrica verda al Poblenou","mar. 7 nov., 17:00",Palo Alto,
Speed Friending - for Women only,"sam. 28 oct., 16:00",Café Mozart,"11,83 "
"Paolo Giordano : Tasmania, ovvero del futuro",demain à 18:00,Biblioteca di Carpenedo Bissuola,
"CISOLAR 2023, 11th CEE Solar Energy Conference & Trade Show","lun. 30 oct., 08:30",World Trade Center Bucharest,"0,00 "
ADEMAX BusinessPokern meets Gründerpokern Hamburg,vendredi prochain à 18:15,Mindspace Hamburg,"59,99 "
Training introductie in Artificial Intelligence - leer alles over AI tools,mercredi prochain à 19:00,Triple O campus - kantoor People First Group,"301,29 "
Velada de danza,"sam. 28 oct., 18:30","Centro Cívico Río Ebro, Edificio Fernández Ordóñez","12,00 "
FORO ASEBIO-TERAV-CIBER,"mar. 31 oct., 10:00","Av. de Monforte de Lemos, 5",
"SUMAK KAWSAY - Nacho Arantegui sobre Equilibrio, Armonía y Correspondencia",samedi prochain à 10:00,Harinera ZGZ,"11,32 "
Calici e Forchette 2023 - 27 ottobre - Aperitivo in Funicolare,vendredi prochain à 18:30,Mondovì - Funicolare - Stazione Valle,"15,00 "
Empowerment Day România,"sam. 18 nov., 10:00",Palace Hall,"20,00 "
"Do, 02.11. | 10 -16 Uhr I Workshop „Digital & Analog“ |  6- bis 10- Jährige","jeu. 2 nov., 10:00",MIXT Kinderkunsthaus gGmbH,"64,74 "
Female Founders Day,"mer. 22 nov., 09:00",Ateneo de Madrid,"11,32 "
Desi Vibez,vendredi prochain à 22:00,California Club Mannheim,"11,83 "
Halloween in der Altstadt Outdoor & Indoor Festival,"mar. 31 oct., 18:00",Winterquartier,"10,72 "
Ronda de libros  16.30 h. (de 1 a 3 años) 11 DE NOVIEMBRE,"sam. 11 nov., 16:30",Casa del Lector,"12,43 "
Speed Dating Afternoon Ages 35-45 LADIES SOLD OUT. LIMITED MALE PLACES LEFT,samedi prochain à 15:00,THE 51 BAR,"36,14 "
Feria De Boda 2023 - 28 y 29 Octubre,samedi prochain à 11:00,Feria de Valladolid,
Kannada Rajyotsava 2023,"sam. 4 nov., 16:00",Hertastraße 11,"0,00 "
"Stampaggio plastico ""zero difetti""",jeudi prochain à 09:00,Consorzio Proplast,
Find Cofounders/Freelancer/Projects & Speed Networking,"mer. 15 nov., 18:30",Betacowork,"0,00 "
Racconti mostruosi,"mar. 31 oct., 18:00",Teatro Sociale di Como - AsLiCo,"6,55 "
SYMPADOT 2023,"jeu. 16 nov., 08:30",Hôpital Erasme - Cliniques universitaires de Bruxelles,
TRAIN THROWDOWN 2023,"sam. 25 nov., 07:00",Train Nenagh,"129,68 "
BeCRO Battle “The Return”,jeudi prochain à 12:00,Salons The Romree,"0,00 "
The Euro Party - Eurovision Fan Party (Winter Edition),"sam. 25 nov., 22:00",Jungle Bar,"7,49 "
TEDxAmsterdam 2023,"mer. 29 nov., 13:00",Muziekgebouw aan 't IJ,"65,49 "
Writing for Wellness with Justine Carbery SOLD OUT,"ven. 17 nov., 10:00",An Diseart,"86,78 "
Handmademarkt meets Klub-Festival by pue,samedi prochain à 15:00,Mobilat,"52,32 "
An Evening with Rachel Gorry in aid of Cancer Care West,"ven. 3 nov., 19:00",Hyde Bar Galway,"86,78 "
PREMIO IN/ARCHITETTURA,vendredi prochain à 14:30,Aula Magna Cavallerizza Università Di Torino,"0,00 "
BEN L´  ONCLE SOUL en Barcelona,"jeu. 16 nov., 21:00",Sala La Nau,"27,36 "
URKRAFT,"dim. 5 nov., 19:00",Restaurant Macionga,"222,00 "
Isagenix Academy - Graz,"sam. 4 nov., 10:30",Restaurant nullneun,"15,00 "
PJ Gallagher in conversation with Aoife Barry,"sam. 11 nov., 20:15",Glass Mask Theatre,"11,70 "
Coty. Ein Blick hinter die Kulissen eines der größten Kosmetikunternehmen,"lun. 30 oct., 18:30",Coty Beauty Germany GmbH,"0,00 "
Hackathon de Emprendimiento 'Transformando Realidades',vendredi prochain à 11:00,Dirección Provincial del Instituto Andaluz de la Juventud de Córdoba,
AL CENTRO DI ROMA. Carlo Pisacane: morire per l’Italia,jeudi prochain à 18:00,Palazzo Venezia,
Gov Jam - Berlin,"ven. 17 nov., 17:30",Spiced Academy,"95,00 "
Wolves Halloween Basketball Camp,"mar. 31 oct., 10:00",Ballymakenny College,"65,00 "
"""Creating Green and Thriving Neighbourhoods"" - Workshop, F4C",jeudi prochain à 09:30,BASE Milano,
"Engage Conference + UPA: Advanced TV, la Video Convergenza",demain à 09:00,Palazzo Mezzanotte,
Wyeth Reünie,"sam. 28 oct., 16:30",House of Watt,"34,00 "
CATCH OF THE DAY mit VDP.Weingut Künstler,"sam. 11 nov., 13:00",der Weinlobbyist – Bistro & Weinbar,"69,00 "
Real Talks.Art Halloween,"sam. 28 oct., 18:30",Bad Bobs Temple Bar,"11,70 "
Speed Dating Age 55-65 MEN SOLD OUT. 2 LADIES PLACES LEFT,demain à 20:00,THE 51 BAR,"36,14 "
Cataldi classico alla Sapienza,demain à 10:00,Istituto Centrale per il Restauro,
"Premiera filmului VARVARA în Dublin, IRLANDA","dim. 29 oct., 14:30",Light House Cinema,"26,64 "
Megamarsch 50/12 Dresden 2024,"sam. 9 mars, 07:30",Rollschnelllaufbahn am Sportpark Ostra (Diese Straße ist ein Rad- und Fußweg und somit nicht mit dem Auto befahrbar! ),"63,75 "
Sliabh Luachra Repertoire Workshop - Paudie O'Connor (All Instruments),samedi prochain à 11:00,St Patrick’s Secondary School,"17,07 "
Brand Revolution - 26 e 27 ottobre,jeudi prochain à 10:00,Garage 21,"0,00 "
The Stinging Fly - This So-Called Writing Life,"sam. 11 nov., 13:15",Chester Beatty,"9,55 "
Expedition Arbeit Basecamp Hamburg,"sam. 4 nov., 09:00",d.vinci HR-Systems GmbH,"62,70 "
Edu Schmidt (ex líder de Árbol) en Amsterdam,"mar. 14 nov., 19:00","Buurtgebouw Henrick de Keijser (HdK), Henrick de Keijserplein, Amsterdam, Netherlands","16,92 "
Focus Live 2023 - 4 novembre dalle 14.00 alle 20.00,"sam. 4 nov., 14:00",Museo Nazionale della Scienza e della Tecnologia Leonardo da Vinci,
True Collins,"sam. 2 déc., 22:00",Spielbank Hamburg - Casino Esplanade,"6,27 "
KLANGPHONICS • Techno. Live. • Wien,jeudi prochain à 20:00,Flex,"32,67 "
ASH,"sam. 16 déc., 19:00",Cyprus Avenue,"27,50 "
Festival Liricheggiando,"sam. 28 oct., 21:00 + 3 en plus",Auditorium San Michele Città di Selvazzano Dentro,"5,48 "
"Safeguarding 1 Online Workshop, Child Protection","mer. 8 nov., 18:30",Online via ZOOM,"20,00 "
Café de l'emploi à Berlin le jeudi 9  novembre,"jeu. 9 nov., 10:00",Friedrichstraße 62,"0,00 "
TUM IDEAward 2023,"jeu. 30 nov., 18:00",Foyer Audimax,
SDD Satellite Cardiff 2023,mardi prochain à 17:00,"Betty Campbell Studio, BBC Cymru Wales",
TEB Allstars Benefizkonzert 2023 - SITZPLÄTZE,"ven. 1 déc., 20:00",Schillerhalle Dettingen/Erms,"31,01 "
Intoxica presents: Pagan,"mar. 31 oct., 19:00",An Spailpín Fánach,"11,70 "
Using Practical Product OKRs for Measuring Strategic Progress,"mar. 7 nov., 09:00",STARTPLATZ,"712,81 "
Agriculture and Climate Change – Science into Action Conference,"mer. 15 nov., 09:00",Aviva Stadium,
AFTER DARK - Halloween Party in der Buntweberei,"mar. 31 oct., 22:00",Buntweberei,"10,65 "
FOA BCN: JUNGLE,mardi prochain à 08:30,Cinesa Diagonal,"39,00 "
Incubateurs Day,"mer. 8 nov., 09:30",2 Pl. de la Bourse,
Sleepy Hollow @ Madden's,"sam. 28 oct., 19:00",Maddens,"10,00 "
International Vascular Cork Course 2023,"jeu. 9 nov., 08:30",ASSERT Centre,"1 350,00 "
TakeItOffline -  Bulgaria,"ven. 10 nov., 10:30","Сити стейдж - музика, бар и храна","102,46 "
Cercle de paroles sur la santé mentale,samedi prochain à 14:30,LIBRAIRIE A SOI.E,
SALON F // Female Founders Frühstück im Oktober,mardi prochain à 10:00,SALON F - Club & Coworking für Frauen,"30,13 "
Adolescencia: el arte de dar confianza basada en los hechos. Roberto Aguado,"jeu. 9 nov., 18:00",Iglesia de Nuestra Señora del Carmen,
2tonnes - Atelier à PARIS (75011),"lun. 30 oct., 19:00",Les Berthom,
Ascolta il tuo lavoro in studio,mardi prochain à 14:00 + 8 en plus,"Via Ponte di Legno, 6",
Jan Carson and Suad Aldarra in Conversation,"sam. 18 nov., 16:30",An Díseart,"13,85 "
African Ball 2023,vendredi prochain à 23:00,Vooruit,"14,95 "
Ansia e stress nella società di oggi: star bene è diventato difficile?,"Palazzo Castiglioni, Sala Colucci",,
Miscelazione avanzata,"lun. 30 oct., 09:30",Timossi Beverage & Food Solution,"400,00 "
"JOSÉ JAMES Sings Badu ""On & On"" // BENNY SINGS en","jeu. 2 nov., 20:30",Sala Paral·lel 62,"26,36 "
"„Schluss mit dem YEAH, YEAH, YEAH?“ Die BEATLES und die DDR",demain à 19:30,Kesselhaus in der Kulturbrauerei,"27,14 "
NVA-Autismecongres 2023 in samenwerking met het NAR,"sam. 11 nov., 09:30",Vrije Universiteit Amsterdam,"39,00 "
"Twintig jaar beeldende kunst in Suriname, 1975- 1995","ven. 10 nov., 20:30",Arti et Amicitiae,"0,00 "
"Sam | Voorstelling 3 - zaterdag 4 november, 20u","sam. 4 nov., 20:00",Gemeentelijk Ontmoetingscentrum Lotenhulle,"10,00 "
International Stand Up Comedy @QBus Club Leiden,vendredi prochain à 20:30,Qbus Club,"14,30 "
NoBullshit Talk  #13 |  Eduardo Ortiz  - Co-Founder & CEO de Fuell,jeudi prochain à 19:00,OneCoWork Catedral | Barcelona Coworking,"0,00 "
Le Petit-Déj' des Inspirantes Wapi  |  networking,"mer. 15 nov., 08:15",Rue Carlos Gallaix 191,"10,00 "
GLUTEI SFIZIOSI & Friends,samedi prochain à 15:00,Parco Benedetto Castelli,"18,00 "
BBQ ACADEMY SPECIAL | The Italian classics,"sam. 11 nov., 15:00",Agricola,"59,00 "
Opening Future - Gestione del tempo,"mar. 7 nov., 18:30",OGR - Officine Grandi Riparazioni,
CATCH OF THE DAY mit VDP.Weingut Heitlinger,"sam. 4 nov., 13:00",der Weinlobbyist – Bistro & Weinbar,"69,00 "
Portes ouvertes La Patronnerie : Découvrez un incubateur 100% féminin !,vendredi prochain à 10:00,La Patronnerie & La Patronnerie Shop,
LMS Conference - London 2023,samedi prochain à 08:30,The Royal Marsden Conference Center,"37,92 "
Whisky on the River,"sam. 28 oct., 17:30",Schiffsanleger Grevenmacher,"125,19 "
Sea Scouting Conference 2023,"ven. 10 nov., 09:00",Talbot Hotel Wexford,"50,00 "
DACH Sales Networking: Hamburg,"jeu. 2 nov., 18:30",Puzzle Bar,"10,00 "
Sinakon valmentava maalaustyöpaja: Minä ja vanhemmuus,jeudi prochain à 17:00,Shopping Center AINOA,"79,00 "
Creators Come Together @TheCoverClub,vendredi prochain à 18:30,Sir Victor Hotel,"10,00 "
Obiettivo vittoria - Inaugurazione di JUMP Fondazione Rui,jeudi prochain à 18:30,Università Cattolica del Sacro Cuore - Cripta Aula Magna,
AL(L) DI QUA - Sguardi trasversali sulla morte,samedi prochain à 10:00,Museo Etnografico del Friuli,
Certificeringstraining: SMA Commercial Storage,jeudi prochain à 10:00,SMA Benelux,"299,00 "
"POH-dag 2023 werktitel ""Trouwens, hoe gaat het met je?""","jeu. 16 nov., 09:00",Bovenkerkerweg 81,"75,00 "
Halloween marche solidaire sans différence Marcinelle 2023,"mar. 31 oct., 15:00",Rue Tienne Bricout,
Influencer Marketing 2023,"mar. 21 nov., 09:00",Teatro Franco Parenti,
"Jueves Toledano, sesiones de música electrónica y más. Vol.4.0",jeudi prochain à 20:30,"Plaça de la Fruita, 22","5,50 "
Help! Ik heb een puber in huis (Tis hier geen hotel),"mer. 1 nov., 19:00",Diekhuus Cultureel Centrum,
10th Annual National Lean Healthcare Symposium,"ven. 10 nov., 08:30",Croke Park Meetings & Events,
Eventübernachtung Whisky on the River -  Fourside Plaza Hotel Trier,samedi prochain à 15:00,FourSide Plaza Hotel Trier,"125,19 "
AAV Regiofeest,"ven. 3 nov., 20:00",Rotterdam,"22,17 "
3-Türme im Dresdner Süden (nur für Große),"mer. 22 nov., 11:00",Bienertmühle Dresden-Plauen,"19,00 "
Mr. Scruff  x Luke Una,"sam. 28 oct., 23:00",Cyprus Avenue,"27,50 "
Das Damenkränzchen - Inspiration und Netzwerken für selbständige Frauen,demain à 18:00,Platzhirsch Café Lounge,"19,00 "
Websummit Warm Up Rooftop Party,"dim. 12 nov., 15:30",Go A Lisboa Rooftop - Restaurant & Bar,"0,00 "
2023 KRSP Halloween Learn to Cycle for children of all abilities 5-7 years,"mer. 1 nov., 14:00",St John's Senior School,"15,00 "
Mental Health in the Workplace Summit 2023,mercredi prochain à 08:00,Auditório EDP S.A.,
The Bonn Players present -  Season's Greetings by Alan Ayckbourn,"ven. 17 nov., 19:00",Brotfabrik Bühne Bonn,"17,17 "
"Weekend Festival Pass Author Events: Friday, Saturday & Sunday SOLD OUT","ven. 17 nov., 15:00",Dingle Bookshop,"97,50 "
Visita los tres cementerios de Hoyo,"dim. 29 oct., 10:00",Plaza Mayor Hoyo de Manzanares,
Tecniche e Storie di Jonathan Stroud,"sam. 4 nov., 10:00",SI4 - SPAZIO WORKSHOP CARDUCCI,
Isagenix Academy Belgium,"dim. 26 nov., 10:00","Radisson Blu Astrid Hotel, Antwerp","10,00 "
Heaven's Door Revival XI,"sam. 28 oct., 18:00",OC Vondel,"20,07 "
"Philipp Maderthaner  ""Hoch hinaus, jetzt erst recht!"" (Graz)","sam. 4 nov., 18:00",Orpheum Graz,"49,00 "
Concertina Workshop with Greta Curtin,samedi prochain à 11:00,St Patrick’s Secondary School,"17,07 "
Aperibusiness in-Lire Umbria | Un Circuito in evoluzione,mercredi prochain à 18:00,Villa Taticchi,"0,00 "
IRISSCERT Annual Cybercrime Conference 2023,"jeu. 16 nov., 09:00",The Aviva Stadium,"50,00 "
Cultursquare : Stand Up Comedy Show,mercredi prochain à 19:00,Silversquare Bailli - Coworking space in Brussels,
UBT Center for Leadership - Leadership Conference,samedi prochain à 09:00,Universiteti për Biznes dhe Teknologji,"0,00 "
Captain Cruise Beurs 11 november 2023,"sam. 11 nov., 10:30",Van der Valk Hotel Delft A4,
"Fr, 03.11. | 10 -16 Uhr I Workshop „Overlay“ |  Für 8 bis 12- Jährige","ven. 3 nov., 10:00",MIXT Kinderkunsthaus gGmbH,"64,74 "
Stone Lithography Weekend Course,"sam. 18 nov., 10:00",Cork Printmakers,"300,00 "
Poetry Workshop with Victoria Kennefick,"ven. 17 nov., 10:00","The Dingle Hub Cooleen Business Centre, Emlagh West, Dingle, Co. Kerry, V92 P9NX","86,78 "
Talk im FÄHRHAUS,mardi prochain à 20:00,FÄHRHAUS,"20,00 "
16.11.2023 - Kochkurs – Wild(e) Leckereien,"jeu. 16 nov., 18:30",ü-Küchen OHG,"129,03 "
The Danceworld Express (Ballina Superstars),"dim. 17 déc., 16:00",TF Royal Hotel & Theatre,"17,07 "
The Man In The Womans Shoes,"sam. 2 déc., 21:00",Ballinglen Museum of Art,"16,00 "
Fiera Sposo&Sposa Ottobre 2023,vendredi prochain à 14:00,Udine e Gorizia Fiere SpA,
Sinakon valmentava maalaustyöpaja: Minä ja urapolkuni,"lun. 30 oct., 17:00",Shopping Center AINOA,"79,00 "
HALLOWEEN ROCKT! Party,"mar. 31 oct., 20:00",HALLOWEEN ROCKT!,"13,96 "
Rigoladrink N°97 - octobre 2023 : Spécial Hallowee,"mar. 31 oct., 19:00",Best Western - Why Hotel,"15,00 "
Meeting C++ 2023,"dim. 12 nov., 08:00",Vienna House by Wyndham Andel’s Berlin,"158,19 "
Marrakech short Film Festival Screening,vendredi prochain à 19:30,Cyber Parc Arsat Moulay Abdeslam,
Púca Spooka - Tullamore - Sun 29 Oct 4:00pm Timeslot,"dim. 29 oct., 16:00",Lloyd Town Park,"0,00 "
BSidesLisbon 2023,"jeu. 16 nov., 13:00",Auditório FMD-UL,"10,00 "
Tea&Books,"dim. 29 oct., 16:30","Via Corte Vecchia, 44","17,22 "
IB-Unternehmer Lounge,"jeu. 2 nov., 18:00",Hotel-Restaurant Barbarossahof,"9,70 "
Weihnachten mit LaLeLu a capella comedy,"sam. 2 déc., 20:00",KGS-Leeste,"22,49 "
Spicy & Steamy Bookevent,"sam. 18 nov., 10:00",BASECAMP,"20,00 "
Forum AICP 2023 - Le voci del coaching,"sam. 11 nov., 10:00",Starhotels Business Palace,"25,00 "
WeMeet| Trekking al Lago Trasimeno,samedi prochain à 09:30,Lago Trasimeno,
"Teoria del Bello. Perfezione, Armonia e Proporzione in architettura",vendredi prochain à 17:30,Basilica Palladiana,
Grand Ladies Ball,vendredi prochain à 18:00,Hilton Dublin,"43,31 "
SHINDEIRU HALLOWEEN EDITION - FLOW - SAT. OCT 28TH,"sam. 28 oct., 23:00",Le Flow,"16,92 "
Vlerick Alumni Wine Club: Riesling around the world,"mer. 22 nov., 19:00",Vlerick Business School - Ghent,"40,00 "
Enterprise UX Conferentie 2023,"ven. 24 nov., 09:00",NS hoofdkantoor,"80,00 "
MEHMET GÜRS X NOBELHART & SCHMUTZIG 2. SEATING,"mer. 8 nov., 21:00",Speiselokal Nobelhart & Schmutzig,"260,00 "
Daniel Lumera a Parma: 28 Respiri per Cambiare Vit,"jeu. 9 nov., 20:30",Hotel Parma & Congressi,
Tour de Outono doTERRA em Leiria,"mer. 8 nov., 18:00",Associação Empresarial da Região de Leiria,"11,89 "
Un monstruo viene a verme  | Punto de Foco: Eugenio Caballero,"sam. 28 oct., 19:00",Casa de México en España,
Quiz avond,"dim. 29 oct., 18:00","De Musketon, Hondsrug, Utrecht, Nederland","6,20 "
SAFETY DAY CONTEC,mercredi prochain à 08:30,Crowne Plaza Padova - Salone delle Feste,
Mucky Makers: Halloween (3-6 Years),"mer. 1 nov., 10:00",Adamstown Community Centre,"14,92 "
Sorry Mama - Halloween  Maskenball,"lun. 30 oct., 22:00",Süllberg,"27,82 "
Wildlife Halloween at Trax Club (Vigo) w/ Somniac One,"mar. 31 oct., 20:00",Trax Club,"12,00 "
Hohnstein mit Gautschgrotte (Altersgruppe 40 bis 55 Jahre),"sam. 18 nov., 10:00",Hohnstein,"19,00 "
Lezione Onorato Castellino 2023: Romano Prodi,"ven. 17 nov., 18:00",Collegio Carlo Alberto,
Formation certifiante : SMA Commercial Storage,mardi prochain à 09:30,SMA France,"299,00 "
HERR RAUE REIST,"ven. 3 nov., 12:00",Restaurant Tim Raue,"456,00 "
Comment l’Europe affronte-t-elle les fractures de la guerre étendue ?,"mar. 21 nov., 19:30",École Normale Supérieure,
Mercado de Ropa Vintage - Bilbao,"Zuloaga Ignacio Pintor Kalea, 3",,
"Eimear @ Terry Martin Theatre, Summerhill","sam. 11 nov., 20:00",Summerhill Community Centre,"21,59 "
Colloque Agurre 2023,"mer. 15 nov., 08:30","Salons de l'Aveyron Paris : Salle de Conférence, Salle de Séminaire, Salle de Réunion",
WeMeet| AperiViaggio,mardi prochain à 19:00,daMAT Giovane Italia,
HORROR CAMP - 5eme Edition,vendredi prochain à 19:00,Clement Cavaille,"2,26 "
BORA-DINNER DELUXE,"ven. 10 nov., 18:00",Küchenstudio Geisler,"89,00 "
Speed Dating Ages 40-50 LADIES SOLD OUT! LIMITED NUMBER OF MALE PLACES LEFT,"lun. 6 nov., 20:00",THE 51 BAR,"36,14 "
Digitale Leute Summit 2023,"mer. 8 nov., 09:00",Palladium,"355,81 "
Blaise Pascal : 400 years since the birth of the prodigy.,jeudi prochain à 14:00,Studium Catholicum,
Sports First Aid    9-Nov-23   Bundoran Community Centre,"jeu. 9 nov., 19:15",BUNDORAN COMMUNITY CENTRE,"27,79 "
John Banville interviewed by Kevin Power,"dim. 19 nov., 16:30",An Díseart,"17,07 "
FARMASI Estepona,"sam. 28 oct., 17:00",Teatro Auditorio Felipe VI,
The Gap in Between,Marina de Valencia,,
GARDEN GRAVES w/ US TWO,vendredi prochain à 22:00,Opium Garden,"15,00 "
15th ILDSA Annual Awards,"sam. 18 nov., 14:00",The Rose Hotel,"38,52 "
Club de lectures féministes pour hommes (en mixité choisie),"sam. 4 nov., 14:30",LIBRAIRIE A SOI.E,"4,39 "
Scullion Plus Support Sal,"sam. 11 nov., 20:00",Saint John's Church,"40,12 "
Unifi Startup Campus: startup e progetti d'impresa,jeudi prochain à 10:00,Università degli Studi di Firenze,
Welkom nieuwe leden event,jeudi prochain à 17:00,Corendon Plaza Amsterdam Schiphol Airport Hotel,"0,00 "
VIII SUMMIT BARCELONA OBERTA - BARCELONA MÉS QUE MAI,jeudi prochain à 09:00,Estrella Damm,
BOLOGNA  - POLICRESTI: QUESTI (S)CONOSCIUTI - M.MANGIALAVORI & R.PETRUCCI,"sam. 2 déc., 10:00",Zan Hotel Europa,
Stage d' Architecture - thème Halloween,demain à 09:00,Centre Jean-Paul Coste,"160,00 "
Lesung mit Maren Vivien Haase,jeudi prochain à 19:30,Buchhandlung Hoffmann,"12,00 "
START-UP NIGHT im Pioneer Lab Hamburg,jeudi prochain à 18:30,PIONEER LAB Hamburg,
AZYMUTH //  MITÚ Live,"sam. 28 oct., 20:00",Sala Paral·lel 62,"23,36 "
Glasperlen selber machen - Workshop,"dim. 29 oct., 11:00",Kurpfalz-Jugendherberge Speyer,"120,00 "
IN PERSON Fermentation Workshop: Kimchi & Kefir,"sam. 18 nov., 11:00",foodhugs A96T1H3,"49,24 "
"MLS FORUM 2023 -agente immobiliare: Scopri, Connettiti, Espandi!",jeudi prochain à 14:00,Abitart Hotel,"33,22 "
MNMSHOW,"sam. 28 oct., 19:30",Centre culturel local Le Sablon ASBL,"18,00 "
NRP Congres (On)benut potentieel,"jeu. 2 nov., 12:00",Titaan,"100,00 "
Halloween Drag Ball,demain à 20:30,Róisín Dubh,"10,00 "
Cocktail elevation  Brands in the Mix INDUSTRY NIGHT,mardi prochain à 15:00,The Morgan Hotel,"15,00 "
LEGAL TECH KONFERENZ WIEN,"mer. 8 nov., 08:30",Park Hyatt Vienna,"0,00 "
freelancers & friends: Frühstück in Frankfurt am Main,"jeu. 16 nov., 10:00","Vitra Workspace, Showroom Frankfurt","5,50 "
WeFood 2023 @ Museo Luxardo,Museo Luxardo,,
Cena in Bottaia @ Le Pignole di Boracchi Serena,vendredi prochain à 20:00,Le Pignole di Boracchi Serena,"49,23 "
Goddess  Dance – Women Circle meets Conscious Dance,"dim. 12 nov., 16:00",Studio H9,"33,33 "
Pumpkin Carving,"dim. 29 oct., 18:00","Cafe - The Social Hub Rotterdam, Willem Ruyslaan, Rotterdam, Netherlands","9,50 "
"Conférence ""Être parent n’est pas un jeu d’enfant"" par Isabelle Filliozat","mar. 14 nov., 19:00",Parc Expo Mulhouse,
Web Data Extraction Summit 2023,mercredi prochain à 09:00,"Radisson Blu Royal Hotel, Dublin","199,00 "
City Life Church Leaders Conference 2023,"ven. 3 nov., 10:00",City Life Church Den Haag,"0,00 "
DIGITAL CONTENT │R│EVOLUTION,demain à 17:00,Binario F,
Identità Urbane Milano - Rigenerare gli edifici Milano Verticale,jeudi prochain à 18:00,Milano Verticale | UNA Esperienze,
"Cut, Paste, Manifest","dim. 29 oct., 13:00",Amsterdam,"27,41 "
Fiddle Workshop with Yvonne Casey,"sam. 11 nov., 11:00",Gaelscoil Mhíchíl Cíosóg,"22,42 "
KIKK Festival 2023  - Conference pass,jeudi prochain à 10:00,Théâtre de Namur,"109,00 "
TAYLOR SWIFT BRACELET MAKING,demain à 12:00,Maynooth University,"6,34 "
LVL UP HEALTH,jeudi prochain à 10:00,Felix Restaurant,"49,00 "
The Voice Belgique- Saison 11 - Blind Auditions 4 - 31 octobre soirée,"mar. 31 oct., 18:00",RTBF Liège - Média Rives - Studio 40,"11,39 "
Projektmanagement Masterclass: Working with Asana powered by BridgeFlow,jeudi prochain à 13:00,"Factory Berlin Görlitzer Park, Lohmühlenstraße, Berlin, Deutschland","22,49 "
Nutrition and Pancreatic Disease Study Day for Dietitians,"ven. 3 nov., 09:30",St. Vincent's University Hospital,"30,00 "
"Von allem genug, von nichts zu viel","mar. 14 nov., 10:30",VHS Urania Wien,
Ireland Then and Now with Karl Geary interviewed by Martin Doyle,"dim. 19 nov., 12:00",Dingle Bookshop,"13,85 "
Der große Bremer Rednerabend - Feuerwerk der Gedanken,"sam. 4 nov., 17:00",Kulturzentrum Schlachthof e. V.,"17,00 "
Side Event: VDS Meetup 2023,jeudi prochain à 20:00,Zeus,
TOURISMUS Opening Party,vendredi prochain à 22:00,Sweet Club,"7,46 "
Bronagh Gallagher,"sam. 4 nov., 19:30",The Sugar Club,"28,28 "
Spicca il volo con Pimcore!,mardi prochain à 15:00,Officine del Volo,
Sündikat - Freak Circus  | Halloween | Queer,"lun. 30 oct., 22:00",Spizz - Der Leipziger Jazz & Musicclub,"9,70 "
World Usability Day Nürnberg,"jeu. 9 nov., 15:00",CodeCamp:N,
XXL Semester Party @ HALO Club (Semester Opening Party),jeudi prochain à 22:00,HALO Club Hamburg,"10,00 "
Aperitivo con Boscolo a Parma,mercredi prochain à 18:30,Bar Le Malve,
UA Global Summit 2023,"dim. 5 nov., 18:00","Smithfield, Dublin 7","220,00 "
SomeWhere Else Halloween Ball Featuring Mark Blair,"mar. 31 oct., 22:00",The Grand Social,"11,70 "
LS-Programm: Intensivworkshop November 2023,"mar. 21 nov., 09:00",Holisticon AG,"464,10 "
Kojaque,"mar. 14 nov., 19:00",Cyprus Avenue,"24,76 "
GOOD VIBES 6 UV PARTY| SATURDAY 28TH OF OCTOBER,"sam. 28 oct., 22:00",Vela,"11,70 "
Cashflow POWER NIGHT Berlin - diesmal kostenlos,jeudi prochain à 18:30,ibis Berlin Kurfuerstendamm,"0,00 "
PROUT AT WORK TOGATHERING: Visibility,"mar. 7 nov., 18:00",MEAG,
KIKK Ta Carrière,vendredi prochain à 15:00,La Bourse,
Megamarsch 50/12 Mönchengladbach 2024,"sam. 23 mars, 07:30",Am Borussiapark,"63,75 "
Ronda de libros  16.30 h. (de 1 a 3 años) 2 DE DICIEMBRE,"sam. 2 déc., 16:30",Casa del Lector,"12,43 "
Absolut Drag Brunch at Roberta's,"sam. 25 nov., 12:00",Roberta's,"53,06 "
Kids Comedy Magic Show Tour 2023 - Ennis,"dim. 29 oct., 14:00",Treacy's West County Hotel,"13,66 "
Startup Talks: Atraer y fidelizar talento tech en Startups,mardi prochain à 18:30,Aticco Bogatell,"3,00 "
Inspiratiedag Kunst als inspiratie voor (cultuur)onderwijs 26/10/2023,jeudi prochain à 09:30,Nieuwe Veste,
Conscious Dance Experience,"mar. 31 oct., 20:15",Fabrique im Gängeviertel,
Faire tiers-lieux dans le Sud - Marseille,"mer. 8 nov., 09:00",Friche la Belle de Mai,"0,00 "
Jennifer Higgie – The Other Side - Winter Brights - Ideas & Influence,mercredi prochain à 19:00,Highlanes Gallery,"6,00 "
10.º Fórum de Gestão de Dados de Investigação,"mar. 14 nov., 10:00",Escola Superior de Ciências Empresariais (ESCE/IPS),
La dictée pour tous à CENTRE SHOPPING WESTFIELD PARLY 2,mercredi prochain à 14:00,Westfield Parly 2,
Seminario de China Club Spain & IE University,mercredi prochain à 19:00,IE University - IE Tower,
Mitsingen und Vorglühen mit Dobbelbock in Nieder-Olm am 10.11.2023,"ven. 10 nov., 20:00",Ludwig-Eckes-Festhalle,"15,00 "
Dingle Lit Festival Pass Author Events: Saturday SOLD OUT,"sam. 18 nov., 10:00",An Diseart & Dingle Bookshop,"38,52 "
Retro Clash Halloween 90er 2000er 2010er Party // 31.10.2023 // Klub Domhof,"mar. 31 oct., 22:00",Klub Domhof Köln,"15,99 "
Dublin Beatles Festival presents FREDA KELLY interviewed by TOM DUNNE,"sam. 4 nov., 14:00",The Workman's Club,"19,30 "
VISITA MUSEOS Y MUJERES ¿SÓLO MUSAS? UNA GRIETA ENTRE EL PINCEL Y LA MODELO,"dim. 17 déc., 12:00",Museo Pablo Gargallo,"2,00 "
October Dublin Single & Ready To Mingle 35 - 55,"lun. 30 oct., 11:00",Killiney Hill Tea Rooms,"22,07 "
Haus Der Bösewichte - Das Halloween Event für die ganze Familie!,"dim. 29 oct., 16:00",Altes Pastorat,"0,00 "
Prima Giornata VIVI LICEO (11/11/2023),Liceo Scientifico A.Tosi,,
Serena Terry AKA Mammy Banter - Socially Needier,mardi prochain à 19:00,Cyprus Avenue,"16,50 "
Standing Strong (SummerFire Weekend 2023),"ven. 3 nov., 19:00",Betania Church,
Congrès GHR - Paris 2023,"lun. 13 nov., 08:30",STATION F,"0,00 "
[Nantes] Les Foulées Créatives,"lun. 13 nov., 08:30",Halle 6 Ouest - Nantes Université,
